Hora_decimal,P fase A,P fase B,P fase C,Q fase A,Q fase B,Q fase C
3624.0,0.0,0.0,0.0,0.0,0.0,0.0
3624.25,3.58,1.27,2.64,0.84,0.91,1.1
3624.5,3.55,1.32,2.68,0.89,0.93,1.0
3624.75,3.59,1.31,3.13,0.87,0.89,0.85
3625.0,3.55,1.41,2.7,0.93,0.79,1.1
3625.25,3.52,1.38,3.27,0.96,0.79,0.82
3625.5,0.0,0.0,0.0,0.0,0.0,0.0
3625.75,3.57,1.49,3.8,0.9,0.69,0.54
3626.0,3.54,1.28,2.8,0.99,0.93,0.98
3626.25,3.6,1.26,2.94,0.8,0.91,1.0
3626.5,3.48,1.26,3.71,0.97,0.91,0.51
3626.75,3.53,1.27,2.62,0.89,0.92,1.1
3627.0,3.53,1.27,3.0,0.9,0.92,0.91
3627.25,3.49,1.27,2.64,0.98,0.91,1.1
3627.5,3.51,1.34,2.86,0.96,0.84,0.94
3627.75,3.53,1.26,3.15,0.91,0.92,0.87
3628.0,3.49,1.27,3.08,0.97,0.92,0.85
3628.25,3.59,1.34,2.87,0.86,0.85,0.93
3628.5,3.52,1.38,2.76,0.94,0.79,1.0
3628.75,3.49,1.38,3.05,0.98,0.79,0.85
3629.0,3.58,1.45,3.39,0.85,0.71,0.65
3629.25,3.47,1.26,2.73,0.96,0.92,1.0
3629.5,3.61,1.27,2.9,0.78,0.92,0.94
3629.75,3.6,1.29,3.19,0.8,0.9,0.75
3630.0,3.57,1.35,2.86,0.83,0.83,0.96
3630.25,3.56,1.27,2.99,0.85,0.92,0.86
3630.5,3.55,1.28,2.93,0.89,0.93,0.89
3630.75,3.57,1.35,2.65,0.88,0.84,1.1
3631.0,3.5,1.27,2.63,0.97,0.92,1.1
3631.25,2.84,0.92,2.45,1.4,1.0,1.1
3631.5,1.51,0.565,1.9,1.5,1.3,1.4
3631.75,0.833,0.58,1.8,1.5,1.3,1.4
3632.0,0.0,0.0,0.0,0.0,0.0,0.0
3632.25,0.0,0.0,0.0,0.0,0.0,0.0
3632.5,0.0,0.0,0.0,0.0,0.0,0.0
3632.75,0.0,0.0,0.0,0.0,0.0,0.0
3633.0,0.0,0.0,0.0,0.0,0.0,0.0
3633.25,0.0,0.0,0.0,0.0,0.0,0.0
3633.5,0.0,0.0,0.0,0.0,0.0,0.0
3633.75,0.0,0.0,0.0,0.0,0.0,0.0
3634.0,0.0,0.0,0.0,0.0,0.0,0.0
3634.25,0.0,0.0,0.0,0.0,0.0,0.0
3634.5,0.0,0.0,0.0,0.0,0.0,0.0
3634.75,0.0,0.0,0.0,0.0,0.0,0.0
3635.0,0.0,0.0,0.0,0.0,0.0,0.0
3635.25,0.0,0.0,0.0,0.0,0.0,0.0
3635.5,0.0,0.0,0.0,0.0,0.0,0.0
3635.75,0.0,0.0,0.0,0.0,0.0,0.0
3636.0,0.0,0.0,0.0,0.0,0.0,0.0
3636.25,0.0,0.0,0.0,0.0,0.0,0.0
3636.5,0.0,0.0,0.0,0.0,0.0,0.0
3636.75,0.0,0.0,0.0,0.0,0.0,0.0
3637.0,0.0,0.0,0.0,0.0,0.0,0.0
3637.25,0.0,0.0,0.0,0.0,0.0,0.0
3637.5,0.0,0.0,0.0,0.0,0.0,0.0
3637.75,0.0,0.0,0.0,0.0,0.0,0.0
3638.0,0.0,0.0,0.0,0.0,0.0,0.0
3638.25,0.0,0.0,0.0,0.0,0.0,0.0
3638.5,0.0,0.0,0.0,0.0,0.0,0.0
3638.75,0.0,0.0,0.0,0.0,0.0,0.0
3639.0,0.0,0.0,0.0,0.0,0.0,0.0
3639.25,0.0,0.0,0.0,0.0,0.0,0.0
3639.5,0.0,0.0,0.0,0.0,0.0,0.0
3639.75,0.0,0.0,0.0,0.0,0.0,0.0
3640.0,0.0,0.0,0.0,0.0,0.0,0.0
3640.25,0.0,0.0,0.0,0.0,0.0,0.0
3640.5,0.0,0.0,0.0,0.0,0.0,0.0
3640.75,0.0,0.0,0.0,0.0,0.0,0.0
3641.0,0.0,0.0,0.0,0.0,0.0,0.0
3641.25,0.0,0.0,0.0,0.0,0.0,0.0
3641.5,0.0,0.0,0.0,0.0,0.0,0.0
3641.75,3.31,0.79,3.22,0.13,1.1,0.6
3642.0,3.56,1.42,3.16,0.7,0.73,0.9
3642.25,0.0,0.0,0.0,0.0,0.0,0.0
3642.5,3.49,1.37,3.37,0.67,0.77,0.72
3642.75,3.68,1.46,3.5,0.8,0.66,0.69
3643.0,3.4,1.37,3.34,0.86,0.78,0.75
3643.25,3.42,1.37,2.93,0.83,0.78,0.93
3643.5,3.49,1.45,2.92,0.77,0.69,0.94
3643.75,3.41,1.26,2.88,0.91,0.91,0.94
3644.0,3.5,1.34,3.06,0.76,0.83,0.92
3644.25,3.49,1.27,3.26,0.81,0.92,0.87
3644.5,3.54,1.33,3.0,0.76,0.88,0.95
3644.75,3.51,1.32,2.73,0.81,0.89,1.1
3645.0,3.47,1.29,3.16,0.9,0.93,0.91
3645.25,3.54,1.35,3.14,0.81,0.87,0.9
3645.5,3.52,1.4,3.82,0.83,0.8,0.64
3645.75,3.58,1.47,3.17,0.78,0.72,0.87
3646.0,3.47,1.4,2.74,0.95,0.81,1.1
3646.25,3.54,1.44,3.26,0.82,0.75,0.8
3646.5,3.47,1.29,2.7,0.93,0.93,1.1
3646.75,3.52,1.37,2.74,0.87,0.86,1.1
3647.0,3.5,1.36,3.27,0.93,0.89,0.85
3647.25,3.49,1.33,3.17,0.97,0.9,0.89
3647.5,3.54,1.34,2.78,0.84,0.88,1.0
3647.75,3.46,1.29,2.82,0.97,0.94,0.95
3648.0,3.55,1.33,3.1,0.85,0.9,0.88
3648.25,3.49,1.38,2.8,0.92,0.83,1.0
3648.5,3.56,1.36,2.85,0.85,0.86,0.99
3648.75,3.49,1.39,3.78,0.98,0.81,0.55
3649.0,3.56,1.39,2.77,0.89,0.82,1.0
3649.25,3.55,1.29,3.23,0.92,0.95,0.75
3649.5,3.55,1.3,2.85,0.91,0.95,1.0
3649.75,3.52,1.36,3.26,0.93,0.87,0.78
3650.0,3.47,1.28,3.09,0.93,0.94,0.92
3650.25,3.48,1.33,2.76,0.94,0.88,1.0
3650.5,3.46,1.26,3.26,0.98,0.93,0.87
3650.75,3.52,1.34,2.67,0.87,0.88,1.1
3651.0,3.52,1.27,3.46,0.87,0.94,0.73
3651.25,0.0,0.0,0.0,0.0,0.0,0.0
3651.5,3.47,1.26,2.69,0.93,0.94,1.1
3651.75,3.46,1.27,3.72,0.98,0.95,0.62
3652.0,3.47,1.41,3.15,0.95,0.79,0.88
3652.25,3.49,1.38,4.05,0.91,0.82,0.32
3652.5,0.0,0.0,0.0,0.0,0.0,0.0
3652.75,3.52,1.3,3.1,0.86,0.96,0.93
3653.0,3.41,1.38,2.88,0.97,0.84,0.93
3653.25,3.51,1.29,2.68,0.87,0.95,1.1
3653.5,3.53,1.34,2.71,0.83,0.9,1.1
3653.75,3.54,1.3,3.06,0.82,0.96,0.9
3654.0,3.46,1.29,2.67,0.92,0.96,1.1
3654.25,3.43,1.35,2.7,0.93,0.88,1.1
3654.5,3.47,1.3,3.06,0.85,0.95,0.81
3654.75,3.39,1.45,3.8,0.96,0.87,0.46
3655.0,3.88,1.89,3.5,1.1,1.1,1.3
3655.25,5.66,2.28,7.53,1.1,0.94,0.94
3655.5,7.23,1.97,7.92,1.8,1.3,1.4
3655.75,6.73,3.08,8.44,1.9,1.6,1.5
3656.0,7.84,6.31,7.63,1.6,1.8,1.5
3656.25,7.12,7.23,9.21,1.9,1.5,1.5
3656.5,0.0,0.0,0.0,0.0,0.0,0.0
3656.75,6.5,9.23,9.23,2.1,1.1,2.0
3657.0,7.52,9.95,10.0,2.0,1.1,1.9
3657.25,6.23,9.23,9.43,2.3,1.2,2.2
3657.5,6.79,9.96,8.64,2.1,1.0,2.2
3657.75,7.59,8.95,9.0,2.0,1.1,2.0
3658.0,8.07,8.99,8.15,1.8,1.2,2.1
3658.25,6.72,7.59,9.06,1.8,1.3,2.0
3658.5,5.05,7.03,8.31,1.8,1.7,1.9
3658.75,5.22,7.53,6.51,1.8,1.9,1.9
3659.0,4.18,6.85,6.84,1.9,1.6,1.9
3659.25,3.53,6.84,7.38,1.8,1.5,1.8
3659.5,3.83,6.48,5.88,1.8,1.7,1.8
3659.75,3.44,5.69,5.39,1.7,1.6,2.0
3660.0,3.16,6.18,4.49,1.7,1.4,1.9
3660.25,4.0,5.61,4.33,1.8,1.3,1.8
3660.5,7.63,5.01,4.31,0.61,1.3,1.9
3660.75,5.31,4.88,5.69,1.6,1.5,1.9
3661.0,5.62,6.33,6.03,1.6,1.5,1.9
3661.25,5.17,7.05,6.49,1.7,1.6,1.7
3661.5,6.65,9.35,8.7,1.7,1.3,2.1
3661.75,7.15,9.67,10.6,1.7,1.4,2.0
3662.0,8.16,9.87,10.3,1.5,1.3,1.9
3662.25,6.75,10.2,10.4,1.6,1.3,2.2
3662.5,8.25,9.4,10.6,0.86,1.3,2.1
3662.75,6.32,8.75,9.17,1.6,1.3,2.2
3663.0,2.55,8.49,8.77,1.7,1.2,2.1
3663.25,3.58,9.0,9.02,1.9,1.4,2.3
3663.5,5.35,9.04,8.96,1.9,1.6,2.4
3663.75,5.86,7.57,8.7,1.8,1.5,2.4
3664.0,4.79,5.48,8.72,1.8,1.8,2.1
3664.25,3.75,2.46,7.42,1.7,1.6,2.2
3664.5,3.4,3.46,7.33,2.0,1.7,2.1
3664.75,3.35,4.2,5.41,1.9,1.6,2.0
3665.0,3.59,3.4,4.59,2.1,1.6,2.0
3665.25,3.55,2.51,8.06,1.8,1.5,1.3
3665.5,4.63,2.12,8.82,1.4,0.97,1.2
3665.75,4.82,2.35,8.96,1.1,1.1,1.2
3666.0,3.96,1.91,8.1,0.95,0.9,1.3
3666.25,4.51,1.82,7.95,0.82,0.91,1.2
3666.5,3.97,1.87,7.89,1.0,0.85,1.2
3666.75,4.25,2.09,8.48,0.96,1.1,1.4
3667.0,5.62,2.78,5.68,0.88,1.1,1.5
3667.25,4.66,2.86,6.14,0.98,1.2,1.3
3667.5,5.9,2.99,5.39,0.75,1.2,1.4
3667.75,4.82,4.14,5.23,0.93,1.2,1.3
3668.0,4.87,4.14,5.1,1.0,1.2,1.3
3668.25,4.3,4.2,5.07,1.0,1.2,1.3
3668.5,4.49,4.15,4.82,0.98,1.2,1.4
3668.75,4.46,4.07,5.52,1.2,1.1,1.1
3669.0,5.91,3.0,5.39,0.99,1.1,1.1
3669.25,4.19,2.95,4.67,1.1,1.0,1.2
3669.5,5.37,2.6,4.7,0.88,1.1,1.0
3669.75,4.14,2.41,4.67,1.1,1.1,1.1
3670.0,5.13,2.27,4.31,0.98,1.1,1.1
3670.25,3.87,1.61,3.57,0.95,1.0,0.99
3670.5,3.65,1.55,3.16,1.0,0.92,1.1
3670.75,3.96,1.3,2.95,0.83,0.96,0.97
3671.0,3.52,1.38,3.3,0.94,0.89,0.87
3671.25,3.51,1.3,3.3,0.91,0.95,0.85
3671.5,3.54,1.33,3.02,0.9,0.93,0.92
3671.75,5.53,1.38,2.69,0.71,0.87,1.2
3672.0,3.53,1.42,3.87,0.91,0.83,0.58
3672.25,4.83,1.49,3.16,0.83,0.7,0.91
3672.5,3.43,1.38,2.65,0.91,0.8,1.1
3672.75,3.99,1.34,3.08,0.88,0.88,0.88
3673.0,3.46,1.3,3.12,0.9,0.92,0.93
3673.25,3.42,1.3,2.62,0.93,0.92,1.1
3673.5,3.44,1.32,3.33,0.94,0.89,0.75
3673.75,4.28,1.3,3.14,0.82,0.93,0.89
3674.0,3.52,1.36,3.11,0.84,0.87,0.86
3674.25,3.45,1.29,3.22,0.94,0.93,0.86
3674.5,4.67,1.35,3.02,0.76,0.88,0.88
3674.75,3.44,1.31,3.26,0.92,0.92,0.78
3675.0,4.58,1.43,3.25,0.73,0.78,0.77
3675.25,3.46,1.41,2.75,0.91,0.8,0.99
3675.5,3.42,1.4,2.97,0.97,0.82,0.91
3675.75,3.46,1.37,3.18,0.91,0.86,0.79
3676.0,4.2,1.29,3.06,0.94,0.95,0.86
3676.25,3.51,1.35,2.93,0.85,0.88,0.97
3676.5,3.44,1.29,3.31,0.96,0.95,0.7
3676.75,3.48,1.31,2.8,0.93,0.92,1.1
3677.0,3.41,1.32,3.06,0.93,0.91,0.93
3677.25,3.48,1.29,3.13,0.89,0.94,0.88
3677.5,3.49,1.36,3.28,0.87,0.86,0.82
3677.75,3.41,1.28,3.05,0.97,0.94,0.93
3678.0,3.48,1.46,2.71,0.86,0.75,1.1
3678.25,3.65,1.41,3.18,0.93,0.78,0.82
3678.5,4.29,1.43,2.84,0.76,0.77,0.98
3678.75,3.39,1.47,3.06,0.91,0.77,0.9
3679.0,3.59,3.22,4.22,1.1,1.0,0.9
3679.25,0.0,0.0,0.0,0.0,0.0,0.0
3679.5,0.0,0.0,0.0,0.0,0.0,0.0
3679.75,0.0,0.0,0.0,0.0,0.0,0.0
3680.0,0.0,0.0,0.0,0.0,0.0,0.0
3680.25,0.0,0.0,0.0,0.0,0.0,0.0
3680.5,0.0,0.0,0.0,0.0,0.0,0.0
3680.75,3.56,5.14,6.22,1.7,1.5,1.9
3681.0,3.31,5.15,9.73,1.9,1.6,1.5
3681.25,4.46,5.17,9.23,1.5,1.6,1.7
3681.5,4.94,5.24,8.91,1.5,1.5,1.9
3681.75,5.09,5.23,10.7,1.3,1.5,1.2
3682.0,0.0,0.0,0.0,0.0,0.0,0.0
3682.25,0.0,0.0,0.0,0.0,0.0,0.0
3682.5,0.0,0.0,0.0,0.0,0.0,0.0
3682.75,3.25,4.97,11.6,1.9,1.5,1.5
3683.0,0.0,0.0,0.0,0.0,0.0,0.0
3683.25,3.38,2.57,9.82,1.5,1.6,2.0
3683.5,6.55,3.76,7.27,1.7,1.7,2.1
3683.75,0.0,0.0,0.0,0.0,0.0,0.0
3684.0,7.3,5.35,6.29,1.6,1.4,1.7
3684.25,0.0,0.0,0.0,0.0,0.0,0.0
3684.5,3.07,6.03,4.26,1.8,1.2,1.9
3684.75,0.0,0.0,0.0,0.0,0.0,0.0
3685.0,0.0,0.0,0.0,0.0,0.0,0.0
3685.25,0.0,0.0,0.0,0.0,0.0,0.0
3685.5,0.0,0.0,0.0,0.0,0.0,0.0
3685.75,0.0,0.0,0.0,0.0,0.0,0.0
3686.0,0.0,0.0,0.0,0.0,0.0,0.0
3686.25,0.0,0.0,0.0,0.0,0.0,0.0
3686.5,0.0,0.0,0.0,0.0,0.0,0.0
3686.75,0.0,0.0,0.0,0.0,0.0,0.0
3687.0,0.0,0.0,0.0,0.0,0.0,0.0
3687.25,0.0,0.0,0.0,0.0,0.0,0.0
3687.5,0.0,0.0,0.0,0.0,0.0,0.0
3687.75,0.0,0.0,0.0,0.0,0.0,0.0
3688.0,0.0,0.0,0.0,0.0,0.0,0.0
3688.25,2.81,2.72,4.82,2.0,1.8,1.9
3688.5,3.53,4.95,5.85,2.0,1.8,1.4
3688.75,0.0,0.0,0.0,0.0,0.0,0.0
3689.0,0.0,0.0,0.0,0.0,0.0,0.0
3689.25,0.0,0.0,0.0,0.0,0.0,0.0
3689.5,0.0,0.0,0.0,0.0,0.0,0.0
3689.75,0.0,0.0,0.0,0.0,0.0,0.0
3690.0,0.0,0.0,0.0,0.0,0.0,0.0
3690.25,0.0,0.0,0.0,0.0,0.0,0.0
3690.5,0.0,0.0,0.0,0.0,0.0,0.0
3690.75,0.0,0.0,0.0,0.0,0.0,0.0
3691.0,0.0,0.0,0.0,0.0,0.0,0.0
3691.25,0.0,0.0,0.0,0.0,0.0,0.0
3691.5,0.0,0.0,0.0,0.0,0.0,0.0
3691.75,0.0,0.0,0.0,0.0,0.0,0.0
3692.0,0.0,0.0,0.0,0.0,0.0,0.0
3692.25,0.0,0.0,0.0,0.0,0.0,0.0
3692.5,0.0,0.0,0.0,0.0,0.0,0.0
3692.75,0.0,0.0,0.0,0.0,0.0,0.0
3693.0,0.0,0.0,0.0,0.0,0.0,0.0
3693.25,0.0,0.0,0.0,0.0,0.0,0.0
3693.5,0.0,0.0,0.0,0.0,0.0,0.0
3693.75,0.0,0.0,0.0,0.0,0.0,0.0
3694.0,0.0,0.0,0.0,0.0,0.0,0.0
3694.25,0.0,0.0,0.0,0.0,0.0,0.0
3694.5,0.0,0.0,0.0,0.0,0.0,0.0
3694.75,0.0,0.0,0.0,0.0,0.0,0.0
3695.0,0.0,0.0,0.0,0.0,0.0,0.0
3695.25,0.0,0.0,0.0,0.0,0.0,0.0
3695.5,0.0,0.0,0.0,0.0,0.0,0.0
3695.75,0.0,0.0,0.0,0.0,0.0,0.0
3696.0,0.0,0.0,0.0,0.0,0.0,0.0
3696.25,0.0,0.0,0.0,0.0,0.0,0.0
3696.5,0.0,0.0,0.0,0.0,0.0,0.0
3696.75,0.0,0.0,0.0,0.0,0.0,0.0
3697.0,0.0,0.0,0.0,0.0,0.0,0.0
3697.25,0.0,0.0,0.0,0.0,0.0,0.0
3697.5,0.0,0.0,0.0,0.0,0.0,0.0
3697.75,0.0,0.0,0.0,0.0,0.0,0.0
3698.0,0.0,0.0,0.0,0.0,0.0,0.0
3698.25,0.0,0.0,0.0,0.0,0.0,0.0
3698.5,0.0,0.0,0.0,0.0,0.0,0.0
3698.75,0.0,0.0,0.0,0.0,0.0,0.0
3699.0,0.0,0.0,0.0,0.0,0.0,0.0
3699.25,0.0,0.0,0.0,0.0,0.0,0.0
3699.5,0.0,0.0,0.0,0.0,0.0,0.0
3699.75,0.0,0.0,0.0,0.0,0.0,0.0
3700.0,0.0,0.0,0.0,0.0,0.0,0.0
3700.25,0.0,0.0,0.0,0.0,0.0,0.0
3700.5,0.0,0.0,0.0,0.0,0.0,0.0
3700.75,0.0,0.0,0.0,0.0,0.0,0.0
3701.0,0.0,0.0,0.0,0.0,0.0,0.0
3701.25,0.0,0.0,0.0,0.0,0.0,0.0
3701.5,0.0,0.0,0.0,0.0,0.0,0.0
3701.75,0.0,0.0,0.0,0.0,0.0,0.0
3702.0,0.0,0.0,0.0,0.0,0.0,0.0
3702.25,0.0,0.0,0.0,0.0,0.0,0.0
3702.5,0.0,0.0,0.0,0.0,0.0,0.0
3702.75,0.0,0.0,0.0,0.0,0.0,0.0
3703.0,0.0,0.0,0.0,0.0,0.0,0.0
3703.25,0.0,0.0,0.0,0.0,0.0,0.0
3703.5,0.0,0.0,0.0,0.0,0.0,0.0
3703.75,0.0,0.0,0.0,0.0,0.0,0.0
3704.0,0.0,0.0,0.0,0.0,0.0,0.0
3704.25,0.0,0.0,0.0,0.0,0.0,0.0
3704.5,0.0,0.0,0.0,0.0,0.0,0.0
3704.75,0.0,0.0,0.0,0.0,0.0,0.0
3705.0,0.0,0.0,0.0,0.0,0.0,0.0
3705.25,0.0,0.0,0.0,0.0,0.0,0.0
3705.5,0.0,0.0,0.0,0.0,0.0,0.0
3705.75,0.0,0.0,0.0,0.0,0.0,0.0
3706.0,0.0,0.0,0.0,0.0,0.0,0.0
3706.25,0.0,0.0,0.0,0.0,0.0,0.0
3706.5,0.0,0.0,0.0,0.0,0.0,0.0
3706.75,0.0,0.0,0.0,0.0,0.0,0.0
3707.0,0.0,0.0,0.0,0.0,0.0,0.0
3707.25,0.0,0.0,0.0,0.0,0.0,0.0
3707.5,0.0,0.0,0.0,0.0,0.0,0.0
3707.75,0.0,0.0,0.0,0.0,0.0,0.0
3708.0,0.0,0.0,0.0,0.0,0.0,0.0
3708.25,0.0,0.0,0.0,0.0,0.0,0.0
3708.5,0.0,0.0,0.0,0.0,0.0,0.0
3708.75,1.71,1.51,5.15,1.7,1.4,1.3
3709.0,0.0,0.0,0.0,0.0,0.0,0.0
3709.25,4.11,4.73,5.56,1.4,1.3,1.5
3709.5,0.0,0.0,0.0,0.0,0.0,0.0
3709.75,0.0,0.0,0.0,0.0,0.0,0.0
3710.0,0.0,0.0,0.0,0.0,0.0,0.0
3710.25,4.62,2.87,6.86,2.0,1.7,2.5
3710.5,0.0,0.0,0.0,0.0,0.0,0.0
3710.75,3.89,2.76,8.12,2.0,1.8,2.0
3711.0,3.93,2.81,7.95,1.9,1.8,1.8
3711.25,0.0,0.0,0.0,0.0,0.0,0.0
3711.5,0.0,0.0,0.0,0.0,0.0,0.0
3711.75,0.0,0.0,0.0,0.0,0.0,0.0
3712.0,2.64,2.19,6.81,1.8,1.6,2.4
3712.25,3.01,2.01,7.44,1.7,1.5,2.2
3712.5,2.5,1.66,6.5,1.9,1.5,1.6
3712.75,2.65,1.59,5.77,1.8,1.5,1.8
3713.0,2.21,1.52,6.89,1.8,1.6,1.5
3713.25,0.0,0.0,0.0,0.0,0.0,0.0
3713.5,0.0,0.0,0.0,0.0,0.0,0.0
3713.75,3.74,1.57,5.93,0.89,1.2,1.2
3714.0,3.81,1.84,6.45,0.9,1.0,1.0
3714.25,4.07,1.84,5.94,1.1,0.75,0.8
3714.5,4.12,1.79,5.3,0.97,0.88,1.2
3714.75,0.0,0.0,0.0,0.0,0.0,0.0
3715.0,4.62,2.76,6.28,1.1,1.1,0.86
3715.25,4.81,2.88,5.02,1.1,1.0,1.4
3715.5,0.0,0.0,0.0,0.0,0.0,0.0
3715.75,0.0,0.0,0.0,0.0,0.0,0.0
3716.0,0.0,0.0,0.0,0.0,0.0,0.0
3716.25,0.0,0.0,0.0,0.0,0.0,0.0
3716.5,0.0,0.0,0.0,0.0,0.0,0.0
3716.75,0.0,0.0,0.0,0.0,0.0,0.0
3717.0,0.0,0.0,0.0,0.0,0.0,0.0
3717.25,3.96,2.26,4.26,1.0,1.1,0.69
3717.5,0.0,0.0,0.0,0.0,0.0,0.0
3717.75,0.0,0.0,0.0,0.0,0.0,0.0
3718.0,3.8,1.67,4.07,0.93,0.9,0.77
3718.25,3.65,1.58,3.94,1.1,0.75,0.86
3718.5,0.0,0.0,0.0,0.0,0.0,0.0
3718.75,3.5,1.39,2.63,1.0,0.85,1.1
3719.0,3.51,1.28,2.68,1.0,0.97,1.1
3719.25,0.0,0.0,0.0,0.0,0.0,0.0
3719.5,0.0,0.0,0.0,0.0,0.0,0.0
3719.75,3.51,1.26,3.79,0.87,0.92,0.57
3720.0,0.0,0.0,0.0,0.0,0.0,0.0
3720.25,3.51,1.34,3.11,0.85,0.84,0.83
3720.5,3.45,1.47,2.63,0.89,0.7,1.0
3720.75,3.43,1.38,3.84,0.92,0.8,0.52
3721.0,0.0,0.0,0.0,0.0,0.0,0.0
3721.25,0.0,0.0,0.0,0.0,0.0,0.0
3721.5,0.0,0.0,0.0,0.0,0.0,0.0
3721.75,0.0,0.0,0.0,0.0,0.0,0.0
3722.0,0.0,0.0,0.0,0.0,0.0,0.0
3722.25,0.0,0.0,0.0,0.0,0.0,0.0
3722.5,0.0,0.0,0.0,0.0,0.0,0.0
3722.75,0.0,0.0,0.0,0.0,0.0,0.0
3723.0,0.0,0.0,0.0,0.0,0.0,0.0
3723.25,0.0,0.0,0.0,0.0,0.0,0.0
3723.5,0.0,0.0,0.0,0.0,0.0,0.0
3723.75,0.0,0.0,0.0,0.0,0.0,0.0
3724.0,0.0,0.0,0.0,0.0,0.0,0.0
3724.25,0.0,0.0,0.0,0.0,0.0,0.0
3724.5,0.0,0.0,0.0,0.0,0.0,0.0
3724.75,0.0,0.0,0.0,0.0,0.0,0.0
3725.0,0.0,0.0,0.0,0.0,0.0,0.0
3725.25,0.0,0.0,0.0,0.0,0.0,0.0
3725.5,0.0,0.0,0.0,0.0,0.0,0.0
3725.75,0.0,0.0,0.0,0.0,0.0,0.0
3726.0,0.0,0.0,0.0,0.0,0.0,0.0
3726.25,0.0,0.0,0.0,0.0,0.0,0.0
3726.5,0.0,0.0,0.0,0.0,0.0,0.0
3726.75,0.0,0.0,0.0,0.0,0.0,0.0
3727.0,0.0,0.0,0.0,0.0,0.0,0.0
3727.25,0.0,0.0,0.0,0.0,0.0,0.0
3727.5,0.0,0.0,0.0,0.0,0.0,0.0
3727.75,0.0,0.0,0.0,0.0,0.0,0.0
3728.0,0.0,0.0,0.0,0.0,0.0,0.0
3728.25,0.0,0.0,0.0,0.0,0.0,0.0
3728.5,0.0,0.0,0.0,0.0,0.0,0.0
3728.75,0.0,0.0,0.0,0.0,0.0,0.0
3729.0,0.0,0.0,0.0,0.0,0.0,0.0
3729.25,0.0,0.0,0.0,0.0,0.0,0.0
3729.5,0.0,0.0,0.0,0.0,0.0,0.0
3729.75,0.0,0.0,0.0,0.0,0.0,0.0
3730.0,0.0,0.0,0.0,0.0,0.0,0.0
3730.25,0.0,0.0,0.0,0.0,0.0,0.0
3730.5,0.0,0.0,0.0,0.0,0.0,0.0
3730.75,0.0,0.0,0.0,0.0,0.0,0.0
3731.0,0.0,0.0,0.0,0.0,0.0,0.0
3731.25,3.59,3.78,5.24,1.9,1.8,2.2
3731.5,2.85,2.39,6.52,2.0,1.7,1.7
3731.75,0.0,0.0,0.0,0.0,0.0,0.0
3732.0,0.0,0.0,0.0,0.0,0.0,0.0
3732.25,0.0,0.0,0.0,0.0,0.0,0.0
3732.5,0.0,0.0,0.0,0.0,0.0,0.0
3732.75,0.0,0.0,0.0,0.0,0.0,0.0
3733.0,0.0,0.0,0.0,0.0,0.0,0.0
3733.25,2.8,1.71,5.38,1.8,1.6,1.7
3733.5,4.03,2.01,5.87,1.8,1.7,1.6
3733.75,0.0,0.0,0.0,0.0,0.0,0.0
3734.0,0.0,0.0,0.0,0.0,0.0,0.0
3734.25,6.72,2.9,7.19,2.0,1.7,1.9
3734.5,6.74,2.87,7.82,2.0,1.7,1.7
3734.75,3.99,3.04,7.65,2.2,1.7,1.9
3735.0,3.84,3.87,7.27,2.2,1.9,2.0
3735.25,4.09,3.43,7.01,2.2,2.0,2.1
3735.5,4.17,4.96,7.61,2.2,1.2,2.0
3735.75,4.72,5.01,7.72,2.2,1.3,2.0
3736.0,4.06,4.92,6.94,2.1,1.1,2.2
3736.25,3.64,4.8,6.88,2.0,1.2,1.8
3736.5,7.23,4.31,6.39,1.9,1.1,1.8
3736.75,3.95,4.64,6.24,2.0,1.0,1.9
3737.0,3.45,2.47,5.68,2.0,1.7,1.8
3737.25,2.92,1.47,5.16,2.0,1.4,1.6
3737.5,0.0,0.0,0.0,0.0,0.0,0.0
3737.75,4.53,2.36,5.05,1.2,1.1,1.0
3738.0,4.6,1.98,4.78,0.83,1.1,0.9
3738.25,4.57,1.97,4.63,1.0,1.0,0.99
3738.5,4.49,2.06,5.2,1.2,1.1,0.84
3738.75,0.0,0.0,0.0,0.0,0.0,0.0
3739.0,4.79,2.51,5.26,0.99,1.2,1.5
3739.25,4.7,2.4,4.95,1.0,1.0,1.4
3739.5,0.0,0.0,0.0,0.0,0.0,0.0
3739.75,4.71,2.29,6.26,1.1,1.0,0.9
3740.0,0.0,0.0,0.0,0.0,0.0,0.0
3740.25,0.0,0.0,0.0,0.0,0.0,0.0
3740.5,0.0,0.0,0.0,0.0,0.0,0.0
3740.75,4.57,2.15,4.26,1.2,1.2,1.4
3741.0,4.64,2.14,5.32,1.2,1.2,0.99
3741.25,0.0,0.0,0.0,0.0,0.0,0.0
3741.5,0.0,0.0,0.0,0.0,0.0,0.0
3741.75,0.0,0.0,0.0,0.0,0.0,0.0
3742.0,0.0,0.0,0.0,0.0,0.0,0.0
3742.25,0.0,0.0,0.0,0.0,0.0,0.0
3742.5,3.54,1.39,2.71,0.85,0.81,1.0
3742.75,0.0,0.0,0.0,0.0,0.0,0.0
3743.0,3.51,1.28,3.23,0.87,0.94,0.84
3743.25,0.0,0.0,0.0,0.0,0.0,0.0
3743.5,0.0,0.0,0.0,0.0,0.0,0.0
3743.75,3.55,1.28,3.49,0.89,0.93,0.68
3744.0,3.5,1.39,2.72,0.9,0.81,1.0
3744.25,0.0,0.0,0.0,0.0,0.0,0.0
3744.5,3.57,1.38,2.73,0.8,0.8,1.0
3744.75,3.43,1.44,3.86,1.0,0.75,0.5
3745.0,0.0,0.0,0.0,0.0,0.0,0.0
3745.25,3.53,1.34,3.26,0.9,0.89,0.82
3745.5,3.51,1.29,3.33,0.95,0.94,0.82
3745.75,3.51,1.35,3.8,0.96,0.88,0.55
3746.0,3.45,1.29,3.77,1.0,0.95,0.64
3746.25,3.5,1.27,3.19,0.92,0.93,0.86
3746.5,3.42,1.48,3.74,1.0,0.69,0.55
3746.75,0.0,0.0,0.0,0.0,0.0,0.0
3747.0,0.0,0.0,0.0,0.0,0.0,0.0
3747.25,3.46,1.38,3.85,0.93,0.8,0.49
3747.5,0.0,0.0,0.0,0.0,0.0,0.0
3747.75,0.0,0.0,0.0,0.0,0.0,0.0
3748.0,0.0,0.0,0.0,0.0,0.0,0.0
3748.25,0.0,0.0,0.0,0.0,0.0,0.0
3748.5,0.0,0.0,0.0,0.0,0.0,0.0
3748.75,3.47,1.27,2.76,0.92,0.93,1.0
3749.0,0.0,0.0,0.0,0.0,0.0,0.0
3749.25,0.0,0.0,0.0,0.0,0.0,0.0
3749.5,0.0,0.0,0.0,0.0,0.0,0.0
3749.75,0.0,0.0,0.0,0.0,0.0,0.0
3750.0,0.0,0.0,0.0,0.0,0.0,0.0
3750.25,0.0,0.0,0.0,0.0,0.0,0.0
3750.5,0.0,0.0,0.0,0.0,0.0,0.0
3750.75,3.37,1.44,3.83,0.95,0.83,0.46
3751.0,0.0,0.0,0.0,0.0,0.0,0.0
3751.25,0.0,0.0,0.0,0.0,0.0,0.0
3751.5,4.4,3.52,5.97,1.1,1.1,1.1
3751.75,0.0,0.0,0.0,0.0,0.0,0.0
3752.0,2.9,2.66,4.98,2.3,1.5,1.4
3752.25,2.58,4.03,4.01,1.7,1.6,1.9
3752.5,2.52,2.32,5.69,1.8,1.7,1.7
3752.75,2.57,4.59,4.84,1.9,1.8,2.2
3753.0,2.53,5.59,5.76,1.9,1.8,2.0
3753.25,0.0,0.0,0.0,0.0,0.0,0.0
3753.5,0.0,0.0,0.0,0.0,0.0,0.0
3753.75,0.0,0.0,0.0,0.0,0.0,0.0
3754.0,0.0,0.0,0.0,0.0,0.0,0.0
3754.25,0.0,0.0,0.0,0.0,0.0,0.0
3754.5,2.06,5.82,5.13,1.8,1.7,2.2
3754.75,4.52,5.6,6.57,1.5,1.8,1.8
3755.0,2.42,5.42,6.69,1.9,1.6,1.6
3755.25,0.0,0.0,0.0,0.0,0.0,0.0
3755.5,0.0,0.0,0.0,0.0,0.0,0.0
3755.75,3.12,2.28,5.9,1.7,1.8,1.6
3756.0,2.76,2.68,3.98,1.8,1.5,2.0
3756.25,2.78,2.31,4.54,1.8,1.3,1.6
3756.5,2.56,1.22,4.02,1.9,1.3,1.7
3756.75,2.41,4.76,5.14,1.9,1.1,1.4
3757.0,2.51,4.11,5.15,1.8,1.1,1.3
3757.25,3.76,4.58,6.33,1.8,1.4,1.5
3757.5,6.84,4.21,7.05,1.8,1.5,1.8
3757.75,4.68,4.5,6.85,1.9,2.0,2.1
3758.0,0.0,0.0,0.0,0.0,0.0,0.0
3758.25,4.84,3.25,6.8,1.9,1.7,2.2
3758.5,0.0,0.0,0.0,0.0,0.0,0.0
3758.75,4.06,3.35,7.51,2.1,1.7,2.0
3759.0,0.0,0.0,0.0,0.0,0.0,0.0
3759.25,4.46,3.81,8.06,2.2,1.8,2.3
3759.5,0.0,0.0,0.0,0.0,0.0,0.0
3759.75,3.63,3.64,6.52,1.9,2.0,2.1
3760.0,0.0,0.0,0.0,0.0,0.0,0.0
3760.25,0.0,0.0,0.0,0.0,0.0,0.0
3760.5,0.0,0.0,0.0,0.0,0.0,0.0
3760.75,0.0,0.0,0.0,0.0,0.0,0.0
3761.0,0.0,0.0,0.0,0.0,0.0,0.0
3761.25,2.67,1.14,5.6,2.4,1.3,1.4
3761.5,0.0,0.0,0.0,0.0,0.0,0.0
3761.75,4.19,1.98,6.15,1.4,0.73,1.0
3762.0,4.04,1.87,4.13,1.0,0.87,1.3
3762.25,3.79,1.79,4.08,0.87,0.78,1.3
3762.5,3.91,1.35,4.78,0.71,0.89,0.86
3762.75,3.96,1.63,4.12,0.88,0.91,0.91
3763.0,0.0,0.0,0.0,0.0,0.0,0.0
3763.25,4.42,2.19,4.19,0.91,1.2,1.1
3763.5,4.19,2.16,5.13,1.1,1.0,0.61
3763.75,4.12,2.09,4.88,1.1,1.2,0.7
3764.0,4.2,2.24,4.85,1.1,1.0,0.59
3764.25,0.0,0.0,0.0,0.0,0.0,0.0
3764.5,4.16,2.25,3.8,0.98,1.1,1.1
3764.75,0.0,0.0,0.0,0.0,0.0,0.0
3765.0,0.0,0.0,0.0,0.0,0.0,0.0
3765.25,4.03,1.78,3.84,1.1,1.0,0.97
3765.5,3.94,1.71,4.26,1.1,1.1,0.73
3765.75,3.67,1.37,4.34,0.98,0.92,0.65
3766.0,3.72,1.36,3.15,0.84,0.92,1.2
3766.25,3.58,1.51,4.37,1.0,0.79,0.56
3766.5,3.45,1.48,2.86,0.96,0.71,1.1
3766.75,3.41,1.38,2.92,0.9,0.79,0.94
3767.0,3.45,1.37,3.78,0.85,0.79,0.41
3767.25,3.32,1.26,3.69,1.0,0.91,0.53
3767.5,3.38,1.26,3.16,0.93,0.91,0.81
3767.75,0.0,0.0,0.0,0.0,0.0,0.0
3768.0,3.31,1.26,3.79,1.0,0.91,0.52
3768.25,3.39,1.25,2.93,0.86,0.9,0.9
3768.5,0.0,0.0,0.0,0.0,0.0,0.0
3768.75,3.39,1.37,3.76,0.92,0.78,0.43
3769.0,3.43,1.37,3.68,0.85,0.78,0.51
3769.25,0.0,0.0,0.0,0.0,0.0,0.0
3769.5,3.41,1.33,3.39,0.87,0.83,0.63
3769.75,3.37,1.31,3.04,0.94,0.86,0.86
3770.0,0.0,0.0,0.0,0.0,0.0,0.0
3770.25,3.37,1.35,3.49,0.95,0.85,0.62
3770.5,3.36,1.26,3.82,1.0,0.92,0.39
3770.75,0.0,0.0,0.0,0.0,0.0,0.0
3771.0,3.49,1.37,3.78,0.84,0.82,0.52
3771.25,0.0,0.0,0.0,0.0,0.0,0.0
3771.5,3.33,1.39,2.66,1.0,0.81,1.0
3771.75,3.4,1.42,3.25,0.9,0.75,0.73
3772.0,0.0,0.0,0.0,0.0,0.0,0.0
3772.25,0.0,0.0,0.0,0.0,0.0,0.0
3772.5,3.34,1.26,2.6,0.99,0.94,1.1
3772.75,0.0,0.0,0.0,0.0,0.0,0.0
3773.0,3.39,1.31,3.18,0.95,0.88,0.78
3773.25,3.4,1.27,3.19,0.93,0.94,0.81
3773.5,3.45,1.33,3.15,0.86,0.89,0.8
3773.75,3.31,1.27,2.67,0.93,0.93,1.0
3774.0,3.35,1.31,3.1,0.92,0.85,0.83
3774.25,3.28,1.43,3.04,0.96,0.71,0.82
3774.5,3.36,1.37,3.16,0.89,0.79,0.8
3774.75,3.34,1.49,2.59,0.98,0.81,1.0
3775.0,3.4,1.42,3.01,0.92,0.89,0.84
3775.25,3.31,1.38,3.74,0.99,0.93,0.47
3775.5,3.1,1.08,3.22,1.0,1.0,0.6
3775.75,2.13,0.7,2.38,1.6,1.4,1.1
3776.0,1.53,0.65,2.14,1.9,1.4,1.2
3776.25,1.35,0.7,2.26,1.4,1.3,1.2
3776.5,1.06,0.668,2.16,1.6,1.3,1.2
3776.75,1.16,0.76,1.78,1.5,1.2,1.4
3777.0,1.11,0.745,1.92,1.5,1.2,1.4
3777.25,0.0,0.0,0.0,0.0,0.0,0.0
3777.5,0.0,0.0,0.0,0.0,0.0,0.0
3777.75,1.0,0.64,2.63,1.6,1.3,0.9
3778.0,1.05,0.695,2.4,1.6,1.3,0.99
3778.25,0.0,0.0,0.0,0.0,0.0,0.0
3778.5,0.0,0.0,0.0,0.0,0.0,0.0
3778.75,1.01,0.74,2.87,1.6,1.2,0.75
3779.0,1.01,0.77,2.79,1.6,1.4,0.93
3779.25,1.01,0.64,2.88,1.6,1.4,0.85
3779.5,0.76,0.84,1.84,1.5,1.1,1.2
3779.75,0.83,0.85,2.76,1.5,1.4,0.93
3780.0,0.0,0.0,0.0,0.0,0.0,0.0
3780.25,0.0,0.0,0.0,0.0,0.0,0.0
3780.5,0.0,0.0,0.0,0.0,0.0,0.0
3780.75,0.8,0.75,2.83,1.6,1.2,0.97
3781.0,0.0,0.0,0.0,0.0,0.0,0.0
3781.25,0.0,0.0,0.0,0.0,0.0,0.0
3781.5,0.0,0.0,0.0,0.0,0.0,0.0
3781.75,0.78,0.64,2.94,1.6,1.4,0.84
3782.0,0.0,0.0,0.0,0.0,0.0,0.0
3782.25,0.0,0.0,0.0,0.0,0.0,0.0
3782.5,0.93,0.65,2.35,1.3,1.4,1.1
3782.75,0.84,0.71,2.24,1.5,1.3,1.2
3783.0,0.77,0.76,1.69,1.5,1.2,1.5
3783.25,0.0,0.0,0.0,0.0,0.0,0.0
3783.5,0.76,0.84,1.65,1.6,1.1,1.5
3783.75,0.78,0.66,1.7,1.5,1.4,1.5
3784.0,0.0,0.0,0.0,0.0,0.0,0.0
3784.25,0.0,0.0,0.0,0.0,0.0,0.0
3784.5,0.0,0.0,0.0,0.0,0.0,0.0
3784.75,0.8,0.64,1.77,1.4,1.3,1.3
3785.0,0.0,0.0,0.0,0.0,0.0,0.0
3785.25,0.955,0.645,1.76,1.5,1.3,1.4
3785.5,0.0,0.0,0.0,0.0,0.0,0.0
3785.75,2.34,0.84,2.99,1.1,1.2,0.55
3786.0,3.29,1.45,3.75,0.77,0.63,0.47
3786.25,3.22,1.17,2.7,0.84,0.86,0.93
3786.5,3.26,1.17,3.62,0.8,0.86,0.5
3786.75,3.3,1.27,3.03,0.75,0.76,0.85
3787.0,3.25,1.17,3.24,0.87,0.87,0.67
3787.25,3.27,1.18,3.4,0.88,0.87,0.62
3787.5,3.3,1.18,3.2,0.84,0.88,0.78
3787.75,3.32,1.17,3.16,0.8,0.88,0.82
3788.0,3.32,1.3,2.94,0.83,0.76,0.86
3788.25,3.32,1.3,3.04,0.84,0.74,0.9
3788.5,3.31,1.29,3.02,0.86,0.75,0.82
3788.75,3.39,1.27,2.62,0.79,0.8,1.1
3789.0,3.4,1.19,3.63,0.76,0.89,0.6
3789.25,3.38,1.25,3.37,0.84,0.83,0.71
3789.5,3.45,1.23,3.21,0.75,0.84,0.74
3789.75,3.35,1.19,3.23,0.91,0.9,0.79
3790.0,3.39,1.31,2.64,0.87,0.8,1.1
3790.25,3.34,1.21,3.39,0.93,0.91,0.63
3790.5,3.36,1.19,3.25,0.92,0.9,0.74
3790.75,3.45,1.42,2.76,0.79,0.67,0.98
3791.0,0.0,0.0,0.0,0.0,0.0,0.0
3791.25,3.33,1.3,2.58,0.97,0.77,1.1
3791.5,3.34,1.25,3.3,0.92,0.82,0.73
3791.75,3.33,1.19,3.53,0.95,0.9,0.61
3792.0,3.39,1.3,3.78,0.98,0.8,0.34
3792.25,3.4,1.19,2.73,0.89,0.91,0.92
3792.5,3.34,1.19,3.19,0.97,0.91,0.75
3792.75,3.4,1.29,3.82,0.9,0.81,0.51
3793.0,0.0,0.0,0.0,0.0,0.0,0.0
3793.25,0.0,0.0,0.0,0.0,0.0,0.0
3793.5,3.5,1.3,2.65,0.83,0.79,1.0
3793.75,3.5,1.31,3.2,0.81,0.79,0.72
3794.0,3.39,1.34,2.97,0.96,0.76,0.9
3794.25,0.0,0.0,0.0,0.0,0.0,0.0
3794.5,0.0,0.0,0.0,0.0,0.0,0.0
3794.75,0.0,0.0,0.0,0.0,0.0,0.0
3795.0,3.45,1.19,2.7,0.8,0.92,1.1
3795.25,3.33,1.19,3.11,0.97,0.93,0.85
3795.5,3.43,1.23,3.24,0.84,0.86,0.71
3795.75,3.36,1.18,2.77,0.92,0.92,0.98
3796.0,3.34,1.19,3.68,0.91,0.93,0.55
3796.25,3.39,1.31,2.69,0.92,0.78,1.0
3796.5,3.43,1.3,3.05,0.85,0.79,0.88
3796.75,3.34,1.3,2.63,0.96,0.79,1.0
3797.0,3.35,1.28,3.21,0.92,0.78,0.79
3797.25,3.33,1.18,2.64,0.95,0.92,1.0
3797.5,3.38,1.23,2.68,0.9,0.86,1.0
3797.75,0.0,0.0,0.0,0.0,0.0,0.0
3798.0,3.35,1.18,2.88,0.94,0.92,0.98
3798.25,3.47,1.29,2.65,0.83,0.81,1.0
3798.5,3.32,1.18,2.78,0.99,0.91,1.0
3798.75,3.34,1.19,2.79,0.96,0.91,0.95
3799.0,3.33,1.27,3.34,0.94,0.83,0.65
3799.25,3.23,1.12,3.39,0.98,0.76,0.62
3799.5,2.34,0.545,2.41,1.4,1.2,1.1
3799.75,1.1,0.763,2.09,1.5,1.3,1.3
3800.0,0.89,0.547,2.16,1.6,1.2,1.3
3800.25,0.932,0.582,1.98,1.5,1.2,1.3
3800.5,0.833,0.559,2.39,1.6,1.2,1.1
3800.75,0.712,0.546,2.01,1.4,1.2,1.3
3801.0,0.644,0.51,2.43,1.5,1.3,1.0
3801.25,0.634,0.459,2.15,1.5,1.3,1.3
3801.5,0.63,0.448,2.22,1.5,1.3,1.2
3801.75,0.64,0.498,2.42,1.5,1.3,1.2
3802.0,0.66,0.437,1.81,1.4,1.3,1.4
3802.25,0.698,0.443,2.41,1.4,1.3,1.1
3802.5,0.625,0.5,2.26,1.5,1.3,1.2
3802.75,0.74,0.43,1.69,1.3,1.3,1.5
3803.0,0.697,0.43,2.16,1.4,1.3,1.3
3803.25,0.733,0.64,2.47,1.3,1.1,1.1
3803.5,0.642,0.54,2.08,1.5,1.2,1.3
3803.75,0.0,0.0,0.0,0.0,0.0,0.0
3804.0,0.69,0.44,2.75,1.4,1.3,1.0
3804.25,0.638,0.453,2.52,1.5,1.4,1.1
3804.5,0.698,0.495,2.29,1.4,1.3,1.2
3804.75,0.672,0.444,2.43,1.4,1.3,1.1
3805.0,0.65,0.438,1.73,1.5,1.3,1.5
3805.25,0.615,0.485,2.29,1.5,1.3,1.2
3805.5,0.68,0.44,1.72,1.4,1.3,1.5
3805.75,0.61,0.45,1.8,1.5,1.3,1.5
3806.0,0.0,0.0,0.0,0.0,0.0,0.0
3806.25,0.667,0.547,2.82,1.4,1.2,0.99
3806.5,0.0,0.0,0.0,0.0,0.0,0.0
3806.75,0.0,0.0,0.0,0.0,0.0,0.0
3807.0,0.0,0.0,0.0,0.0,0.0,0.0
3807.25,0.607,0.548,2.75,1.5,1.2,0.99
3807.5,0.69,0.44,2.99,1.4,1.3,0.94
3807.75,0.63,0.434,1.94,1.5,1.3,1.4
3808.0,0.666,0.558,2.06,1.4,1.2,1.3
3808.25,0.695,0.44,2.49,1.4,1.3,1.1
3808.5,0.605,0.445,2.68,1.5,1.3,1.1
3808.75,0.61,0.53,2.96,1.5,1.2,0.95
3809.0,0.0,0.0,0.0,0.0,0.0,0.0
3809.25,0.0,0.0,0.0,0.0,0.0,0.0
3809.5,1.5,0.44,3.17,1.9,1.3,0.72
3809.75,0.0,0.0,0.0,0.0,0.0,0.0
3810.0,0.0,0.0,0.0,0.0,0.0,0.0
3810.25,0.0,0.0,0.0,0.0,0.0,0.0
3810.5,0.0,0.0,0.0,0.0,0.0,0.0
3810.75,0.0,0.0,0.0,0.0,0.0,0.0
3811.0,3.25,1.25,2.62,0.92,0.9,1.0
3811.25,3.31,1.25,2.73,0.85,0.89,0.98
3811.5,0.0,0.0,0.0,0.0,0.0,0.0
3811.75,0.0,0.0,0.0,0.0,0.0,0.0
3812.0,3.34,1.38,3.68,0.86,0.77,0.55
3812.25,0.0,0.0,0.0,0.0,0.0,0.0
3812.5,0.0,0.0,0.0,0.0,0.0,0.0
3812.75,3.28,1.37,3.72,0.93,0.79,0.51
3813.0,0.0,0.0,0.0,0.0,0.0,0.0
3813.25,3.45,1.27,3.72,0.79,0.91,0.52
3813.5,0.0,0.0,0.0,0.0,0.0,0.0
3813.75,3.56,1.26,3.2,0.65,0.92,0.77
3814.0,0.0,0.0,0.0,0.0,0.0,0.0
3814.25,3.45,1.4,2.74,0.85,0.82,0.95
3814.5,3.43,1.39,3.85,0.87,0.79,0.42
3814.75,3.38,1.42,3.41,0.88,0.75,0.6
3815.0,3.6,1.37,3.78,0.68,0.79,0.44
3815.25,3.55,1.27,3.84,0.72,0.92,0.44
3815.5,0.0,0.0,0.0,0.0,0.0,0.0
3815.75,3.4,1.32,2.64,0.89,0.87,1.1
3816.0,3.34,1.26,2.9,0.97,0.92,0.94
3816.25,3.42,1.38,2.65,0.89,0.82,1.1
3816.5,3.42,1.29,2.91,0.87,0.91,0.9
3816.75,3.39,1.27,3.37,0.9,0.92,0.68
3817.0,3.43,1.33,3.22,0.88,0.87,0.85
3817.25,3.34,1.26,3.62,0.99,0.92,0.61
3817.5,3.39,1.38,3.08,0.96,0.79,0.86
3817.75,3.38,1.46,2.65,0.97,0.73,1.1
3818.0,3.38,1.38,2.64,1.0,0.8,1.1
3818.25,3.4,1.27,3.22,0.92,0.93,0.74
3818.5,3.3,1.37,2.66,0.98,0.81,1.1
3818.75,3.36,1.26,3.59,0.9,0.91,0.59
3819.0,3.32,1.27,3.68,0.98,0.92,0.53
3819.25,3.37,1.36,3.2,0.95,0.8,0.78
3819.5,0.0,0.0,0.0,0.0,0.0,0.0
3819.75,3.35,1.27,3.13,0.91,0.91,0.86
3820.0,3.36,1.36,2.66,0.9,0.81,1.0
3820.25,3.36,1.26,2.65,0.93,0.93,1.1
3820.5,3.34,1.31,3.63,0.94,0.85,0.6
3820.75,3.36,1.43,2.73,0.89,0.74,0.99
3821.0,3.3,1.36,2.64,0.98,0.79,1.0
3821.25,3.33,1.32,3.36,0.9,0.86,0.67
3821.5,3.33,1.28,3.07,0.93,0.89,0.82
3821.75,3.28,1.26,3.13,0.98,0.91,0.74
3822.0,3.3,1.32,2.79,0.91,0.83,0.98
3822.25,3.29,1.27,3.04,0.91,0.9,0.76
3822.5,3.27,1.27,3.48,0.88,0.9,0.6
3822.75,3.29,1.35,3.35,0.83,0.86,0.68
3823.0,3.88,2.68,3.63,1.1,0.92,1.1
3823.25,5.14,2.27,4.23,1.3,1.1,1.4
3823.5,5.5,2.4,5.87,1.2,1.1,1.1
3823.75,5.98,2.92,4.17,2.4,1.4,2.0
3824.0,6.59,4.22,5.24,1.8,1.5,1.9
3824.25,4.98,4.68,4.88,1.9,1.5,1.8
3824.5,4.75,3.12,4.69,1.9,1.7,1.9
3824.75,4.33,4.39,5.5,2.0,1.7,1.9
3825.0,4.42,5.55,5.85,1.9,1.7,1.8
3825.25,5.48,7.61,7.09,1.9,1.4,1.8
3825.5,4.06,8.48,7.38,1.9,1.0,2.0
3825.75,4.6,9.06,7.06,2.0,1.1,2.0
3826.0,3.75,8.59,7.48,2.0,1.0,2.2
3826.25,4.45,7.46,6.89,1.8,0.98,2.2
3826.5,4.84,6.29,8.22,1.7,1.5,2.1
3826.75,3.8,7.48,6.94,1.8,1.6,2.2
3827.0,3.74,4.79,7.03,1.9,1.4,2.3
3827.25,4.0,7.74,8.13,2.0,1.7,1.8
3827.5,3.66,5.14,6.89,1.9,1.6,2.0
3827.75,3.91,6.07,6.37,1.8,1.6,2.2
3828.0,2.93,5.41,5.11,1.8,1.4,1.8
3828.25,1.88,4.99,5.0,1.7,1.5,1.7
3828.5,1.89,4.98,4.68,1.8,1.4,1.7
3828.75,1.79,3.79,4.56,1.8,1.4,1.6
3829.0,2.4,4.21,4.61,1.8,1.4,1.7
3829.25,3.11,5.14,4.97,2.0,1.3,1.9
3829.5,4.64,6.21,6.13,1.9,1.5,1.9
3829.75,5.62,5.56,7.45,1.8,1.6,1.7
3830.0,5.61,7.23,8.96,1.8,1.9,2.1
3830.25,0.0,0.0,0.0,0.0,0.0,0.0
3830.5,5.63,5.47,10.5,1.9,1.8,2.0
3830.75,5.55,5.21,6.82,1.9,1.7,2.3
3831.0,0.0,0.0,0.0,0.0,0.0,0.0
3831.25,0.0,0.0,0.0,0.0,0.0,0.0
3831.5,0.0,0.0,0.0,0.0,0.0,0.0
3831.75,0.0,0.0,0.0,0.0,0.0,0.0
3832.0,0.0,0.0,0.0,0.0,0.0,0.0
3832.25,5.26,3.75,7.18,1.9,1.7,2.2
3832.5,5.05,3.25,7.34,1.9,1.7,1.7
3832.75,5.77,3.1,6.14,1.7,1.6,1.9
3833.0,0.0,0.0,0.0,0.0,0.0,0.0
3833.25,2.43,1.64,5.34,2.0,1.5,1.5
3833.5,3.31,2.5,6.76,1.9,1.5,1.4
3833.75,0.0,0.0,0.0,0.0,0.0,0.0
3834.0,0.0,0.0,0.0,0.0,0.0,0.0
3834.25,4.02,1.69,9.27,1.0,0.93,0.56
3834.5,4.16,2.29,6.27,1.0,1.0,0.97
3834.75,4.14,2.4,7.23,0.93,0.84,1.1
3835.0,0.0,0.0,0.0,0.0,0.0,0.0
3835.25,4.86,5.2,5.8,0.9,1.2,1.5
3835.5,4.67,5.91,5.75,0.91,1.2,1.5
3835.75,4.59,4.63,4.75,1.1,1.1,1.4
3836.0,4.62,6.73,5.14,1.2,1.2,1.5
3836.25,0.0,0.0,0.0,0.0,0.0,0.0
3836.5,0.0,0.0,0.0,0.0,0.0,0.0
3836.75,0.0,0.0,0.0,0.0,0.0,0.0
3837.0,4.3,4.96,5.36,1.1,1.3,1.2
3837.25,4.16,5.0,4.84,1.1,1.3,1.5
3837.5,4.22,4.23,4.33,1.0,1.4,1.3
3837.75,4.09,3.13,4.59,1.1,1.1,1.1
3838.0,4.09,2.15,3.38,1.1,0.99,1.2
3838.25,4.12,2.23,3.36,1.0,0.92,1.2
3838.5,3.94,2.18,3.99,1.0,1.0,0.77
3838.75,3.55,1.3,3.2,0.95,0.9,0.82
3839.0,3.51,3.42,2.81,1.0,0.94,1.1
3839.25,3.6,1.41,3.22,0.97,0.77,0.89
3839.5,3.59,2.06,3.18,0.95,0.83,0.87
3839.75,3.59,2.43,2.79,0.94,0.93,1.1
3840.0,3.56,1.66,3.27,1.0,0.9,0.79
3840.25,3.6,2.34,3.04,0.95,0.98,0.96
3840.5,3.56,1.79,3.23,1.0,0.85,0.78
3840.75,3.57,1.58,3.14,0.98,0.92,0.83
3841.0,3.6,1.28,3.04,0.88,0.88,0.92
3841.25,3.47,2.26,3.19,1.0,0.91,0.79
3841.5,3.51,1.27,2.98,0.98,0.88,0.9
3841.75,3.52,2.24,3.13,1.0,0.97,0.86
3842.0,3.48,2.24,2.82,1.0,0.89,1.0
3842.25,3.55,2.36,3.13,0.93,1.1,0.82
3842.5,3.53,2.03,3.29,0.92,0.88,0.8
3842.75,3.57,2.01,3.03,0.92,0.74,0.96
3843.0,3.49,1.59,3.02,1.0,0.8,0.93
3843.25,3.54,1.39,2.76,1.0,0.77,1.0
3843.5,3.55,1.76,2.78,0.97,0.86,1.0
3843.75,3.54,1.9,3.28,1.0,0.94,0.86
3844.0,3.67,1.94,3.05,0.86,0.96,0.95
3844.25,3.54,2.59,3.03,0.97,1.0,0.92
3844.5,3.55,2.0,3.3,1.0,0.99,0.8
3844.75,3.58,1.56,2.93,0.91,0.9,1.0
3845.0,3.53,1.97,3.09,1.0,0.85,0.91
3845.25,3.54,2.64,3.21,0.94,0.99,0.8
3845.5,3.58,1.5,3.46,0.89,0.89,0.72
3845.75,3.54,1.34,2.72,0.91,0.8,1.1
3846.0,3.61,1.44,3.04,0.84,0.9,0.91
3846.25,3.47,1.89,2.89,0.94,0.86,0.96
3846.5,3.49,2.14,2.93,0.95,0.76,0.95
3846.75,3.43,1.97,3.41,1.0,0.97,0.83
3847.0,6.13,1.86,6.09,1.1,0.94,1.2
3847.25,8.06,4.09,7.68,1.3,1.2,1.3
3847.5,7.64,2.41,5.57,1.4,1.1,1.2
3847.75,6.24,4.44,4.76,2.3,1.7,1.6
3848.0,6.15,4.39,3.81,2.3,1.7,1.7
3848.25,6.19,6.61,8.44,2.1,1.8,1.7
3848.5,6.64,8.15,5.53,1.8,1.8,1.7
3848.75,0.0,0.0,0.0,0.0,0.0,0.0
3849.0,8.41,6.83,6.14,2.1,1.9,1.8
3849.25,6.12,8.51,7.93,2.1,0.91,1.5
3849.5,9.9,9.49,7.94,1.8,1.2,2.0
3849.75,9.87,9.82,8.06,1.8,1.1,2.0
3850.0,0.0,0.0,0.0,0.0,0.0,0.0
3850.25,0.0,0.0,0.0,0.0,0.0,0.0
3850.5,7.58,8.36,12.1,1.9,0.96,1.5
3850.75,7.21,9.33,7.4,2.0,0.96,2.2
3851.0,6.9,7.96,10.4,2.1,0.89,1.8
3851.25,0.0,0.0,0.0,0.0,0.0,0.0
3851.5,6.71,11.5,9.05,1.9,0.75,2.1
3851.75,6.95,10.3,8.86,2.1,0.89,1.8
3852.0,4.53,7.16,5.6,1.8,1.2,1.7
3852.25,3.2,7.08,6.75,1.9,1.2,1.5
3852.5,2.0,5.9,4.49,1.6,1.1,1.9
3852.75,1.95,4.38,5.29,1.9,1.2,1.9
3853.0,2.23,6.84,5.5,1.7,1.4,1.6
3853.25,3.83,8.13,6.15,1.7,1.1,1.9
3853.5,3.73,13.2,10.8,1.9,1.0,1.3
3853.75,4.17,11.4,11.0,1.9,1.4,1.3
3854.0,7.81,11.8,12.4,1.8,0.87,1.6
3854.25,3.97,12.1,8.52,1.9,1.0,1.6
3854.5,4.04,8.5,8.65,2.1,1.7,1.8
3854.75,4.01,8.3,7.29,2.1,1.9,2.0
3855.0,0.0,0.0,0.0,0.0,0.0,0.0
3855.25,0.0,0.0,0.0,0.0,0.0,0.0
3855.5,0.0,0.0,0.0,0.0,0.0,0.0
3855.75,0.0,0.0,0.0,0.0,0.0,0.0
3856.0,4.34,5.84,7.31,2.0,2.2,2.1
3856.25,4.53,3.28,6.58,1.9,1.7,1.8
3856.5,3.03,3.97,9.08,2.1,1.7,1.5
3856.75,0.0,0.0,0.0,0.0,0.0,0.0
3857.0,2.04,2.6,8.01,1.9,1.8,1.9
3857.25,1.94,2.24,7.54,1.8,1.6,1.5
3857.5,2.16,1.1,5.51,1.7,1.4,1.4
3857.75,3.66,0.983,5.01,1.1,1.3,1.1
3858.0,4.06,1.8,5.54,0.97,0.94,1.0
3858.25,4.6,2.35,4.86,1.2,1.0,1.4
3858.5,5.63,2.35,5.63,1.0,1.0,0.92
3858.75,4.87,3.74,4.83,1.2,1.2,1.2
3859.0,5.08,6.37,7.38,1.3,1.7,0.88
3859.25,7.52,5.35,6.04,1.4,1.5,1.0
3859.5,7.55,6.43,6.73,1.4,1.6,0.76
3859.75,7.65,6.54,6.56,1.3,1.7,0.81
3860.0,7.75,5.71,6.54,1.3,1.6,0.93
3860.25,7.73,4.99,6.61,1.4,1.6,1.0
3860.5,6.51,4.2,6.35,1.3,1.4,0.81
3860.75,7.34,4.13,5.67,1.3,1.4,0.88
3861.0,6.76,3.73,4.59,1.2,1.3,1.1
3861.25,6.66,3.58,4.48,1.1,1.3,1.0
3861.5,4.3,3.18,4.3,1.0,1.2,0.91
3861.75,4.26,2.5,3.86,1.1,1.1,0.92
3862.0,3.93,1.72,4.03,0.99,1.0,0.71
3862.25,3.71,1.48,3.64,1.0,0.94,0.95
3862.5,3.7,1.44,3.52,0.94,0.94,0.84
3862.75,3.51,1.3,3.02,0.97,0.9,0.93
3863.0,3.57,1.29,3.32,0.94,0.9,0.77
3863.25,3.59,1.3,2.91,0.88,0.9,0.99
3863.5,3.6,1.3,3.13,0.92,0.9,0.9
3863.75,3.52,1.29,3.25,0.92,0.9,0.87
3864.0,3.56,1.31,3.1,0.92,0.9,0.92
3864.25,3.56,1.31,2.89,0.96,0.9,1.0
3864.5,3.5,1.33,2.81,1.0,0.9,1.0
3864.75,3.57,1.3,2.74,0.89,0.9,1.1
3865.0,3.59,1.31,3.15,0.89,0.9,0.92
3865.25,3.57,1.3,2.98,0.97,0.91,0.95
3865.5,3.56,1.3,3.2,0.89,0.91,0.86
3865.75,3.55,1.3,2.74,1.0,0.91,1.1
3866.0,3.56,1.3,3.01,0.94,0.91,0.96
3866.25,3.55,1.29,2.93,0.95,0.91,1.0
3866.5,3.56,1.3,3.22,0.95,0.91,0.87
3866.75,3.62,1.3,3.12,0.95,0.91,0.92
3867.0,3.53,1.3,2.98,0.99,0.9,0.96
3867.25,3.62,1.3,3.21,0.96,0.9,0.78
3867.5,3.54,1.3,2.89,0.98,0.91,0.97
3867.75,3.59,1.3,3.16,1.0,0.91,0.83
3868.0,3.51,1.3,3.0,0.98,0.91,0.93
3868.25,3.67,1.3,2.94,0.88,0.9,0.91
3868.5,3.51,1.3,3.07,0.98,0.91,0.85
3868.75,3.58,1.29,2.72,1.0,0.91,1.1
3869.0,3.57,1.29,2.77,0.94,0.9,1.1
3869.25,3.52,1.31,3.06,0.97,0.91,0.88
3869.5,3.52,1.32,3.05,0.98,0.91,0.89
3869.75,3.54,1.29,3.13,0.93,0.9,0.87
3870.0,3.56,1.31,2.87,0.94,0.91,1.0
3870.25,3.46,1.28,2.7,0.94,0.89,1.0
3870.5,3.49,1.29,3.03,0.9,0.88,0.85
3870.75,3.49,1.86,3.94,0.95,0.86,1.0
3871.0,4.63,4.83,7.06,1.2,0.67,1.1
3871.25,5.83,7.2,6.72,1.6,0.16,1.1
3871.5,5.9,7.43,9.29,2.1,0.56,1.1
3871.75,6.25,6.65,8.56,1.8,0.66,1.5
3872.0,10.1,7.16,9.82,1.8,0.81,1.5
3872.25,9.28,9.24,12.5,1.7,0.82,1.5
3872.5,8.68,7.41,13.1,1.7,0.65,1.8
3872.75,7.68,8.76,14.4,1.7,0.77,1.8
3873.0,9.68,8.83,14.3,1.7,0.63,1.5
3873.25,9.3,8.97,13.1,1.7,0.66,1.7
3873.5,9.82,9.06,12.2,1.7,0.64,1.6
3873.75,7.86,9.4,15.3,1.8,0.59,1.3
3874.0,8.99,8.0,14.9,1.6,0.77,1.4
3874.25,9.67,8.84,13.5,1.6,0.83,1.2
3874.5,0.0,0.0,0.0,0.0,0.0,0.0
3874.75,0.0,0.0,0.0,0.0,0.0,0.0
3875.0,7.0,5.78,11.2,1.9,1.3,1.9
3875.25,0.0,0.0,0.0,0.0,0.0,0.0
3875.5,5.25,8.5,9.93,1.8,0.57,1.9
3875.75,0.0,0.0,0.0,0.0,0.0,0.0
3876.0,4.74,3.99,8.51,1.8,1.2,1.6
3876.25,4.03,4.11,4.11,1.8,1.2,1.8
3876.5,0.0,0.0,0.0,0.0,0.0,0.0
3876.75,3.69,1.05,9.17,1.8,1.2,0.89
3877.0,0.0,0.0,0.0,0.0,0.0,0.0
3877.25,0.0,0.0,0.0,0.0,0.0,0.0
3877.5,0.0,0.0,0.0,0.0,0.0,0.0
3877.75,0.0,0.0,0.0,0.0,0.0,0.0
3878.0,0.0,0.0,0.0,0.0,0.0,0.0
3878.25,0.0,0.0,0.0,0.0,0.0,0.0
3878.5,0.0,0.0,0.0,0.0,0.0,0.0
3878.75,0.0,0.0,0.0,0.0,0.0,0.0
3879.0,0.0,0.0,0.0,0.0,0.0,0.0
3879.25,0.0,0.0,0.0,0.0,0.0,0.0
3879.5,0.0,0.0,0.0,0.0,0.0,0.0
3879.75,0.0,0.0,0.0,0.0,0.0,0.0
3880.0,2.36,6.59,5.14,1.8,1.4,1.5
3880.25,0.0,0.0,0.0,0.0,0.0,0.0
3880.5,0.0,0.0,0.0,0.0,0.0,0.0
3880.75,0.0,0.0,0.0,0.0,0.0,0.0
3881.0,0.0,0.0,0.0,0.0,0.0,0.0
3881.25,0.0,0.0,0.0,0.0,0.0,0.0
3881.5,0.0,0.0,0.0,0.0,0.0,0.0
3881.75,3.64,1.14,3.85,1.2,1.4,1.2
3882.0,0.0,0.0,0.0,0.0,0.0,0.0
3882.25,0.0,0.0,0.0,0.0,0.0,0.0
3882.5,4.05,1.61,4.99,1.1,0.81,0.81
3882.75,6.25,3.89,4.46,0.98,1.0,1.1
3883.0,4.34,4.54,3.9,1.1,1.1,1.3
3883.25,0.0,0.0,0.0,0.0,0.0,0.0
3883.5,4.35,5.15,7.74,1.0,1.3,0.38
3883.75,4.3,5.8,7.38,1.1,1.3,0.56
3884.0,4.39,5.07,7.23,1.1,1.3,0.53
3884.25,4.21,5.03,7.31,1.0,1.3,0.59
3884.5,4.2,5.06,7.84,1.0,1.3,0.23
3884.75,4.19,5.01,7.43,1.1,1.3,0.4
3885.0,4.22,3.24,7.34,1.1,1.1,0.4
3885.25,4.28,3.06,7.04,1.0,1.1,0.42
3885.5,3.72,3.02,7.04,1.6,0.98,0.28
3885.75,0.0,0.0,0.0,0.0,0.0,0.0
3886.0,4.05,2.88,7.14,0.87,0.98,0.28
3886.25,3.92,1.53,3.59,1.0,0.73,0.93
3886.5,3.67,1.42,4.07,0.86,0.75,0.48
3886.75,3.64,1.4,2.85,0.69,0.61,1.0
3887.0,3.48,1.33,3.0,0.91,0.65,0.9
3887.25,0.0,0.0,0.0,0.0,0.0,0.0
3887.5,0.0,0.0,0.0,0.0,0.0,0.0
3887.75,3.5,1.23,2.74,0.96,0.8,1.0
3888.0,3.52,1.17,2.8,0.99,0.85,1.0
3888.25,3.45,1.24,3.31,0.95,0.81,0.74
3888.5,3.48,1.23,3.16,0.97,0.79,0.85
3888.75,3.54,1.2,3.17,0.89,0.83,0.86
3889.0,3.48,1.18,3.44,0.98,0.85,0.71
3889.25,3.51,1.22,3.2,0.92,0.81,0.81
3889.5,3.55,1.21,2.78,0.96,0.83,1.0
3889.75,3.54,1.21,2.94,0.93,0.82,0.99
3890.0,3.52,1.22,3.11,0.96,0.83,0.89
3890.25,3.56,1.2,3.05,0.91,0.85,0.94
3890.5,3.53,1.19,2.86,0.97,0.85,0.98
3890.75,0.0,0.0,0.0,0.0,0.0,0.0
3891.0,3.6,1.28,3.95,0.83,0.71,0.4
3891.25,3.46,1.38,3.73,0.97,0.61,0.58
3891.5,3.55,1.17,2.81,0.77,0.84,0.99
3891.75,3.41,1.18,2.91,0.96,0.85,0.87
3892.0,3.45,1.17,3.83,0.85,0.85,0.45
3892.25,3.51,1.17,3.33,0.87,0.85,0.7
3892.5,3.57,1.17,3.07,0.81,0.85,0.94
3892.75,3.44,1.2,3.36,1.0,0.84,0.67
3893.0,3.45,1.18,2.82,0.89,0.85,1.0
3893.25,3.42,1.18,2.96,0.95,0.8,0.86
3893.5,3.44,1.2,2.75,0.9,0.8,0.97
3893.75,3.44,1.18,2.68,0.87,0.8,1.0
3894.0,3.37,1.2,3.19,0.91,0.77,0.76
3894.25,3.44,1.18,2.92,0.86,0.85,0.89
3894.5,3.38,1.28,2.68,0.95,0.75,1.0
3894.75,3.39,1.33,2.89,0.9,0.69,0.9
3895.0,3.39,1.36,3.06,0.91,0.68,0.84
3895.25,3.53,2.32,3.58,0.99,0.85,0.93
3895.5,7.76,7.64,4.09,1.8,0.52,1.5
3895.75,5.69,6.33,4.31,2.4,0.78,2.0
3896.0,7.39,7.94,7.62,2.0,0.85,1.5
3896.25,6.06,7.02,8.91,2.0,0.88,1.8
3896.5,8.25,7.73,10.1,1.6,0.96,1.9
3896.75,12.8,6.81,10.4,1.6,1.1,1.7
3897.0,0.0,0.0,0.0,0.0,0.0,0.0
3897.25,8.1,4.57,6.44,2.2,1.6,2.1
3897.5,7.8,7.09,8.78,2.0,1.7,1.9
3897.75,6.69,7.02,7.25,2.1,1.4,1.6
3898.0,0.0,0.0,0.0,0.0,0.0,0.0
3898.25,8.55,7.18,7.96,2.1,1.5,2.1
3898.5,0.0,0.0,0.0,0.0,0.0,0.0
3898.75,0.0,0.0,0.0,0.0,0.0,0.0
3899.0,0.0,0.0,0.0,0.0,0.0,0.0
3899.25,0.0,0.0,0.0,0.0,0.0,0.0
3899.5,0.0,0.0,0.0,0.0,0.0,0.0
3899.75,0.0,0.0,0.0,0.0,0.0,0.0
3900.0,0.0,0.0,0.0,0.0,0.0,0.0
3900.25,3.14,5.01,4.67,1.8,1.2,1.9
3900.5,3.48,3.6,4.47,1.9,1.2,1.8
3900.75,3.7,3.63,3.92,1.5,1.1,1.7
3901.0,1.87,3.66,4.94,1.8,1.1,1.3
3901.25,2.14,6.57,3.66,1.9,1.5,1.8
3901.5,0.0,0.0,0.0,0.0,0.0,0.0
3901.75,0.0,0.0,0.0,0.0,0.0,0.0
3902.0,0.0,0.0,0.0,0.0,0.0,0.0
3902.25,0.0,0.0,0.0,0.0,0.0,0.0
3902.5,3.6,2.92,7.58,2.2,1.7,1.8
3902.75,4.63,3.12,8.3,2.2,1.7,1.8
3903.0,8.35,3.1,6.91,1.4,1.7,2.2
3903.25,0.0,0.0,0.0,0.0,0.0,0.0
3903.5,3.78,5.91,8.85,2.1,1.5,2.0
3903.75,0.0,0.0,0.0,0.0,0.0,0.0
3904.0,0.0,0.0,0.0,0.0,0.0,0.0
3904.25,0.0,0.0,0.0,0.0,0.0,0.0
3904.5,0.0,0.0,0.0,0.0,0.0,0.0
3904.75,0.0,0.0,0.0,0.0,0.0,0.0
3905.0,2.34,0.98,4.12,1.9,1.3,1.8
3905.25,2.18,0.855,4.08,1.8,1.3,1.8
3905.5,2.54,0.898,4.26,1.6,1.4,1.4
3905.75,3.78,1.16,4.14,1.1,1.2,1.0
3906.0,4.04,1.82,4.09,0.79,0.92,1.2
3906.25,3.8,1.96,4.96,0.9,0.84,0.84
3906.5,4.26,1.95,3.91,0.89,0.82,1.3
3906.75,0.0,0.0,0.0,0.0,0.0,0.0
3907.0,4.12,3.19,9.61,1.0,1.0,0.32
3907.25,4.15,3.16,7.72,0.91,1.0,0.9
3907.5,6.3,3.21,9.78,0.84,1.0,0.36
3907.75,5.1,3.2,8.14,0.99,1.0,0.88
3908.0,4.29,3.09,8.65,0.91,0.97,0.67
3908.25,4.29,2.84,8.78,0.83,1.1,0.38
3908.5,0.0,0.0,0.0,0.0,0.0,0.0
3908.75,8.01,1.5,3.82,0.7,0.91,1.3
3909.0,3.74,1.55,3.83,0.93,0.91,1.2
3909.25,3.8,1.52,4.08,0.87,0.92,1.1
3909.5,3.7,1.62,3.65,0.93,0.8,1.4
3909.75,6.34,1.54,3.39,0.79,0.86,0.9
3910.0,4.31,1.49,3.67,0.84,0.91,0.84
3910.25,5.65,1.51,3.6,0.88,0.88,0.94
3910.5,3.64,1.43,3.0,0.89,0.9,1.1
3910.75,4.75,1.35,2.94,0.74,0.91,0.89
3911.0,3.49,1.38,3.19,0.88,0.86,0.72
3911.25,3.53,1.5,3.32,0.76,0.72,0.71
3911.5,3.49,1.47,3.09,0.8,0.74,0.84
3911.75,0.0,0.0,0.0,0.0,0.0,0.0
3912.0,3.59,1.45,3.98,0.69,0.77,0.31
3912.25,3.51,1.37,2.98,0.81,0.87,0.88
3912.5,4.67,1.37,3.49,0.85,0.87,0.69
3912.75,4.15,1.36,2.91,0.76,0.89,0.92
3913.0,5.24,1.41,3.19,0.74,0.84,0.84
3913.25,4.1,1.39,2.73,0.83,0.86,1.1
3913.5,5.37,1.39,3.68,0.82,0.86,0.54
3913.75,4.21,1.36,3.28,0.85,0.89,0.75
3914.0,4.02,1.34,3.11,0.86,0.91,0.83
3914.25,0.0,0.0,0.0,0.0,0.0,0.0
3914.5,3.51,1.44,2.62,0.86,0.78,1.0
3914.75,4.71,1.47,3.35,0.78,0.77,0.69
3915.0,4.1,1.44,2.85,0.86,0.78,1.0
3915.25,4.05,1.46,2.74,0.82,0.77,1.1
3915.5,4.4,1.39,3.1,0.83,0.85,0.86
3915.75,3.53,1.33,2.84,0.81,0.92,0.95
3916.0,3.9,1.39,3.08,0.77,0.86,0.87
3916.25,4.39,1.35,2.83,0.81,0.9,1.0
3916.5,4.08,1.36,3.11,0.86,0.89,0.82
3916.75,4.68,1.36,3.04,0.86,0.89,0.86
3917.0,4.1,1.35,3.04,0.84,0.89,0.85
3917.25,3.96,1.35,2.82,0.91,0.9,0.99
3917.5,5.74,1.33,3.07,0.7,0.91,0.84
3917.75,3.5,1.35,3.31,0.84,0.9,0.65
3918.0,4.15,1.37,2.99,0.79,0.87,0.85
3918.25,5.57,1.44,3.22,0.75,0.79,0.74
3918.5,4.16,1.46,2.74,0.78,0.76,0.95
3918.75,5.11,1.51,3.08,0.76,0.76,0.74
3919.0,5.69,1.42,2.88,0.67,0.87,0.78
3919.25,4.62,2.85,2.85,1.1,1.0,1.2
3919.5,3.27,6.33,6.51,1.6,0.62,1.4
3919.75,3.69,6.42,7.49,1.7,0.64,1.6
3920.0,4.23,7.68,7.52,1.8,0.89,1.6
3920.25,0.0,0.0,0.0,0.0,0.0,0.0
3920.5,0.0,0.0,0.0,0.0,0.0,0.0
3920.75,0.0,0.0,0.0,0.0,0.0,0.0
3921.0,7.9,11.6,8.67,1.4,1.0,1.9
3921.25,0.0,0.0,0.0,0.0,0.0,0.0
3921.5,0.0,0.0,0.0,0.0,0.0,0.0
3921.75,0.0,0.0,0.0,0.0,0.0,0.0
3922.0,0.0,0.0,0.0,0.0,0.0,0.0
3922.25,0.0,0.0,0.0,0.0,0.0,0.0
3922.5,0.0,0.0,0.0,0.0,0.0,0.0
3922.75,2.12,6.43,11.2,1.6,1.4,1.8
3923.0,2.52,7.45,10.0,1.6,1.4,1.6
3923.25,0.0,0.0,0.0,0.0,0.0,0.0
3923.5,0.0,0.0,0.0,0.0,0.0,0.0
3923.75,2.07,8.29,10.7,1.7,1.4,1.7
3924.0,0.0,0.0,0.0,0.0,0.0,0.0
3924.25,3.15,6.18,5.43,1.7,1.4,2.0
3924.5,1.96,4.94,5.81,1.7,1.3,1.7
3924.75,0.0,0.0,0.0,0.0,0.0,0.0
3925.0,3.26,5.47,5.6,1.4,1.1,1.6
3925.25,0.0,0.0,0.0,0.0,0.0,0.0
3925.5,0.0,0.0,0.0,0.0,0.0,0.0
3925.75,0.0,0.0,0.0,0.0,0.0,0.0
3926.0,0.0,0.0,0.0,0.0,0.0,0.0
3926.25,0.0,0.0,0.0,0.0,0.0,0.0
3926.5,0.0,0.0,0.0,0.0,0.0,0.0
3926.75,0.0,0.0,0.0,0.0,0.0,0.0
3927.0,0.0,0.0,0.0,0.0,0.0,0.0
3927.25,0.0,0.0,0.0,0.0,0.0,0.0
3927.5,0.0,0.0,0.0,0.0,0.0,0.0
3927.75,0.0,0.0,0.0,0.0,0.0,0.0
3928.0,0.0,0.0,0.0,0.0,0.0,0.0
3928.25,5.45,2.17,5.76,1.6,1.4,2.2
3928.5,2.24,1.53,5.93,1.8,1.3,2.1
3928.75,2.31,1.44,5.7,1.6,1.3,2.0
3929.0,2.82,2.7,5.37,1.6,1.1,1.6
3929.25,1.91,1.12,4.92,1.5,1.4,1.5
3929.5,2.09,0.888,4.47,1.3,1.3,1.4
3929.75,3.71,3.87,5.08,0.57,0.093,0.96
3930.0,3.68,3.22,4.94,0.77,0.4,0.81
3930.25,3.69,1.53,4.65,0.75,0.88,1.0
3930.5,3.76,4.22,5.14,0.74,0.065,0.87
3930.75,4.55,2.52,4.51,0.77,0.61,0.95
3931.0,4.19,3.61,4.25,0.9,0.54,0.94
3931.25,8.55,2.26,4.55,0.47,0.85,0.74
3931.5,4.17,4.15,3.78,0.92,0.32,1.1
3931.75,4.29,4.14,4.67,0.84,0.33,0.74
3932.0,4.58,3.43,4.44,0.8,0.63,0.84
3932.25,4.26,3.8,4.03,0.89,0.56,1.1
3932.5,4.38,3.26,3.52,0.86,0.7,1.2
3932.75,0.0,0.0,0.0,0.0,0.0,0.0
3933.0,4.09,2.11,4.69,0.94,0.97,0.71
3933.25,4.15,3.65,3.36,0.81,0.48,1.2
3933.5,4.19,4.19,3.37,0.88,0.28,1.2
3933.75,3.79,4.17,3.29,0.93,0.11,1.3
3934.0,3.82,3.87,3.64,0.85,0.08,1.1
3934.25,3.77,2.89,3.92,0.8,0.35,0.86
3934.5,3.77,2.67,3.56,0.84,0.49,1.1
3934.75,3.61,3.49,3.2,0.75,0.24,0.93
3935.0,0.0,0.0,0.0,0.0,0.0,0.0
3935.25,3.41,3.5,3.1,0.74,0.26,0.84
3935.5,3.39,1.46,2.54,0.74,0.76,1.1
3935.75,3.37,4.13,2.93,0.82,-0.0133,0.93
3936.0,3.56,2.69,3.18,0.62,0.44,0.76
3936.25,3.43,1.35,2.6,0.75,0.88,1.0
3936.5,3.4,3.93,3.79,0.85,0.1,0.43
3936.75,0.0,0.0,0.0,0.0,0.0,0.0
3937.0,3.35,4.03,2.65,0.84,0.0,0.95
3937.25,0.0,0.0,0.0,0.0,0.0,0.0
3937.5,3.43,3.51,3.8,0.73,-0.09,0.46
3937.75,3.36,1.4,2.89,0.84,0.88,0.88
3938.0,3.41,2.7,3.29,0.77,0.45,0.64
3938.25,3.41,4.11,3.27,0.79,0.09,0.71
3938.5,3.39,3.04,3.38,0.82,0.32,0.68
3938.75,3.45,2.97,3.05,0.74,0.39,0.85
3939.0,3.43,2.54,3.43,0.78,0.51,0.66
3939.25,3.43,3.22,3.18,0.79,0.31,0.8
3939.5,3.48,3.84,3.55,0.74,0.0067,0.61
3939.75,3.41,2.58,3.0,0.82,0.42,0.89
3940.0,3.42,3.09,2.63,0.86,0.26,1.0
3940.25,3.43,1.47,3.47,0.79,0.76,0.64
3940.5,3.57,2.73,3.08,0.59,0.49,0.85
3940.75,3.48,3.2,2.71,0.75,0.37,1.0
3941.0,3.51,3.26,3.03,0.72,0.29,0.76
3941.25,3.42,3.01,3.01,0.84,0.12,0.89
3941.5,3.41,3.76,3.13,0.83,0.17,0.8
3941.75,3.42,2.47,3.06,0.8,0.54,0.84
3942.0,3.49,2.25,3.19,0.75,0.6,0.71
3942.25,3.47,3.63,3.16,0.84,0.17,0.79
3942.5,3.41,3.54,2.9,0.91,0.15,0.93
3942.75,3.43,3.6,3.51,0.92,0.17,0.61
3943.0,3.48,3.74,3.24,0.86,0.03,0.64
3943.25,0.0,0.0,0.0,0.0,0.0,0.0
3943.5,3.55,1.66,3.18,0.75,1.1,0.97
3943.75,0.0,0.0,0.0,0.0,0.0,0.0
3944.0,3.43,1.99,3.39,0.88,1.2,0.94
3944.25,0.0,0.0,0.0,0.0,0.0,0.0
3944.5,0.0,0.0,0.0,0.0,0.0,0.0
3944.75,0.0,0.0,0.0,0.0,0.0,0.0
3945.0,0.0,0.0,0.0,0.0,0.0,0.0
3945.25,0.0,0.0,0.0,0.0,0.0,0.0
3945.5,2.0,1.61,2.62,1.6,1.5,1.7
3945.75,0.0,0.0,0.0,0.0,0.0,0.0
3946.0,0.0,0.0,0.0,0.0,0.0,0.0
3946.25,0.0,0.0,0.0,0.0,0.0,0.0
3946.5,0.0,0.0,0.0,0.0,0.0,0.0
3946.75,0.0,0.0,0.0,0.0,0.0,0.0
3947.0,0.0,0.0,0.0,0.0,0.0,0.0
3947.25,1.08,1.63,2.41,1.4,1.7,1.6
3947.5,0.0,0.0,0.0,0.0,0.0,0.0
3947.75,1.01,1.51,3.28,1.5,1.7,1.5
3948.0,1.41,0.9,1.72,1.3,1.3,1.5
3948.25,1.4,0.81,1.9,1.4,1.3,1.1
3948.5,1.26,0.82,2.87,1.5,1.4,0.95
3948.75,0.0,0.0,0.0,0.0,0.0,0.0
3949.0,1.05,0.773,2.52,1.5,1.5,1.1
3949.25,1.04,0.796,2.1,1.5,1.5,1.3
3949.5,1.07,0.817,1.96,1.4,1.5,1.3
3949.75,1.08,0.783,2.26,1.4,1.5,1.2
3950.0,1.04,0.797,2.64,1.5,1.4,1.0
3950.25,1.0,0.824,2.38,1.5,1.4,1.2
3950.5,1.05,0.774,2.36,1.5,1.4,1.2
3950.75,2.26,0.775,2.74,0.42,1.4,0.82
3951.0,1.3,0.809,2.24,1.9,1.3,1.1
3951.25,2.24,0.842,2.42,1.1,1.3,1.1
3951.5,2.98,0.98,2.64,1.0,1.4,1.0
3951.75,2.38,0.919,2.66,1.2,1.4,1.1
3952.0,2.02,0.756,2.45,1.3,1.5,1.1
3952.25,2.36,0.747,2.86,1.3,1.5,0.93
3952.5,2.9,1.17,2.7,0.76,1.1,0.92
3952.75,3.37,1.44,3.24,0.71,1.0,0.73
3953.0,3.32,1.44,3.07,0.78,1.0,0.81
3953.25,3.29,1.45,3.21,0.81,1.0,0.75
3953.5,3.37,1.44,3.05,0.7,1.0,0.84
3953.75,3.31,1.43,3.03,0.8,1.0,0.85
3954.0,3.22,1.34,3.14,0.73,0.88,0.77
3954.25,3.24,1.29,2.81,0.7,0.85,0.87
3954.5,3.21,1.32,3.11,0.72,0.84,0.8
3954.75,3.17,1.25,3.11,0.77,0.93,0.77
3955.0,3.29,1.23,3.01,0.63,0.97,0.81
3955.25,3.24,1.22,3.25,0.71,0.99,0.66
3955.5,3.26,1.22,2.78,0.66,0.99,0.97
3955.75,3.26,1.21,3.21,0.7,1.0,0.78
3956.0,3.21,1.22,3.21,0.77,1.0,0.64
3956.25,3.18,1.23,3.22,0.82,0.99,0.71
3956.5,3.33,1.25,3.15,0.74,1.0,0.76
3956.75,3.35,1.38,3.16,0.78,0.95,0.72
3957.0,3.35,1.39,3.17,0.78,0.9,0.68
3957.25,3.37,1.39,2.95,0.77,0.9,0.87
3957.5,3.33,1.48,3.26,0.86,1.0,0.72
3957.75,3.4,1.41,3.35,0.78,0.9,0.63
3958.0,3.35,1.42,3.2,0.88,0.91,0.69
3958.25,3.4,1.4,3.14,0.82,0.91,0.85
3958.5,3.43,1.41,3.03,0.74,0.9,0.86
3958.75,3.37,1.31,3.05,0.79,1.0,0.86
3959.0,3.33,1.32,3.33,0.84,1.0,0.71
3959.25,3.36,1.33,3.02,0.74,1.0,0.89
3959.5,3.33,1.34,3.35,0.85,1.0,0.72
3959.75,3.33,1.27,2.95,0.85,1.0,0.9
3960.0,3.47,1.23,3.24,0.71,1.0,0.74
3960.25,3.38,1.25,3.33,0.82,1.0,0.71
3960.5,3.37,1.29,2.94,0.81,1.0,0.93
3960.75,3.39,1.3,3.38,0.83,1.0,0.67
3961.0,3.39,1.33,3.14,0.82,0.99,0.77
3961.25,3.32,1.36,3.16,0.89,0.92,0.83
3961.5,3.42,1.38,3.29,0.75,0.91,0.71
3961.75,3.37,1.36,2.96,0.79,0.91,0.86
3962.0,3.34,1.3,3.03,0.86,1.0,0.84
3962.25,3.38,1.29,2.83,0.83,1.0,0.98
3962.5,3.37,1.28,3.36,0.82,1.0,0.68
3962.75,3.31,1.28,3.16,0.89,1.0,0.71
3963.0,3.36,1.31,3.15,0.82,1.0,0.75
3963.25,3.38,1.29,3.2,0.78,1.0,0.76
3963.5,3.33,1.29,3.11,0.86,1.0,0.74
3963.75,3.38,1.29,3.24,0.79,1.0,0.73
3964.0,3.37,1.36,2.96,0.83,0.97,0.84
3964.25,3.33,1.4,3.18,0.83,0.91,0.74
3964.5,3.37,1.43,3.22,0.78,0.88,0.69
3964.75,3.41,1.45,2.96,0.73,0.88,0.88
3965.0,3.34,1.35,3.24,0.81,0.94,0.73
3965.25,3.39,1.37,3.02,0.73,0.94,0.86
3965.5,3.33,1.33,3.1,0.82,0.94,0.8
3965.75,3.35,1.37,3.31,0.79,0.89,0.71
3966.0,3.34,1.35,2.95,0.79,0.87,0.82
3966.25,3.35,1.34,3.43,0.79,0.92,0.66
3966.5,3.35,1.36,3.18,0.82,0.88,0.8
3966.75,3.37,1.36,3.09,0.76,0.87,0.78
3967.0,3.35,1.47,3.23,0.84,0.78,0.75
3967.25,3.36,1.47,2.95,0.78,0.74,0.9
3967.5,3.4,1.47,3.15,0.73,0.75,0.82
3967.75,3.26,1.25,3.03,0.73,0.82,0.77
3968.0,2.13,0.649,2.01,1.4,1.3,1.3
3968.25,1.15,0.622,2.24,1.7,1.3,1.2
3968.5,1.04,0.598,2.19,1.5,1.4,1.2
3968.75,0.975,0.598,2.06,1.5,1.4,1.3
3969.0,0.957,0.653,2.57,1.5,1.4,1.0
3969.25,0.955,0.641,2.19,1.5,1.4,1.1
3969.5,1.06,0.648,2.52,1.3,1.4,1.0
3969.75,0.915,0.685,1.97,1.5,1.4,1.3
3970.0,0.977,0.742,2.15,1.4,1.2,1.2
3970.25,0.983,0.72,2.18,1.4,1.3,1.2
3970.5,0.728,0.701,2.38,1.4,1.2,1.1
3970.75,0.685,0.595,2.47,1.4,1.3,1.0
3971.0,0.825,0.64,2.21,1.2,1.3,1.1
3971.25,0.716,0.624,2.24,1.4,1.3,1.2
3971.5,0.751,0.627,2.28,1.3,1.3,1.1
3971.75,0.686,0.622,1.84,1.4,1.3,1.4
3972.0,0.731,0.627,2.22,1.3,1.3,1.2
3972.25,0.749,0.637,2.16,1.3,1.3,1.2
3972.5,0.758,0.619,2.47,1.3,1.3,1.0
3972.75,0.78,0.714,2.34,1.3,1.2,1.2
3973.0,0.72,0.722,1.87,1.4,1.2,1.4
3973.25,0.758,0.739,2.1,1.4,1.2,1.3
3973.5,0.732,0.69,2.39,1.4,1.2,1.0
3973.75,0.95,0.625,1.89,1.4,1.3,1.4
3974.0,0.883,0.603,2.17,1.4,1.3,1.2
3974.25,0.888,0.612,2.3,1.4,1.3,1.2
3974.5,0.911,0.598,2.23,1.5,1.3,1.2
3974.75,0.931,0.611,2.57,1.4,1.3,1.0
3975.0,0.722,0.645,2.4,1.4,1.3,1.1
3975.25,0.833,0.64,2.28,1.4,1.3,1.2
3975.5,0.72,0.746,1.88,1.4,1.1,1.4
3975.75,0.794,0.724,2.71,1.3,1.2,0.9
3976.0,0.802,0.745,2.2,1.4,1.1,1.2
3976.25,0.957,0.693,2.22,1.4,1.2,1.2
3976.5,0.948,0.604,2.43,1.4,1.3,1.1
3976.75,0.969,0.548,2.43,1.4,1.3,1.0
3977.0,1.06,0.548,2.27,1.5,1.3,1.1
3977.25,1.51,0.547,2.21,1.6,1.3,1.1
3977.5,2.94,1.01,3.38,0.63,1.0,0.46
3977.75,3.29,1.28,3.2,0.73,0.83,0.63
3978.0,3.41,1.29,3.1,0.71,0.84,0.77
3978.25,3.36,1.35,3.04,0.77,0.77,0.79
3978.5,3.38,1.41,3.05,0.81,0.7,0.79
3978.75,3.46,1.43,3.37,0.7,0.7,0.66
3979.0,3.41,1.39,2.85,0.79,0.74,0.91
3979.25,3.41,1.32,3.11,0.79,0.85,0.8
3979.5,3.47,1.31,2.87,0.72,0.84,0.93
3979.75,3.43,1.31,3.15,0.75,0.88,0.78
3980.0,3.49,1.27,3.32,0.69,0.88,0.64
3980.25,3.43,1.31,3.04,0.79,0.85,0.86
3980.5,3.41,1.31,3.12,0.82,0.86,0.82
3980.75,3.42,1.31,3.1,0.82,0.86,0.81
3981.0,3.42,1.3,3.21,0.81,0.87,0.71
3981.25,3.41,1.4,2.96,0.86,0.78,0.89
3981.5,3.43,1.4,2.91,0.8,0.72,0.91
3981.75,3.45,1.38,3.18,0.78,0.75,0.75
3982.0,3.42,1.39,2.72,0.8,0.75,1.0
3982.25,3.43,1.3,3.25,0.88,0.86,0.73
3982.5,3.45,1.3,3.59,0.83,0.89,0.49
3982.75,3.44,1.32,3.16,0.78,0.83,0.75
3983.0,3.42,1.32,3.2,0.84,0.85,0.71
3983.25,3.49,1.3,2.96,0.78,0.88,0.8
3983.5,3.47,1.3,3.1,0.81,0.88,0.76
3983.75,3.38,1.3,3.25,0.87,0.85,0.7
3984.0,3.45,1.34,3.36,0.78,0.8,0.62
3984.25,3.39,1.42,3.37,0.85,0.74,0.59
3984.5,3.41,1.41,3.17,0.86,0.72,0.76
3984.75,3.48,1.4,3.14,0.78,0.75,0.82
3985.0,3.48,1.32,3.08,0.81,0.84,0.82
3985.25,3.45,1.31,3.16,0.81,0.85,0.74
3985.5,3.42,1.29,3.21,0.86,0.86,0.77
3985.75,3.43,1.31,2.98,0.85,0.87,0.88
3986.0,3.44,1.31,3.09,0.84,0.86,0.81
3986.25,3.48,1.3,2.88,0.78,0.89,0.87
3986.5,3.5,1.3,3.05,0.76,0.89,0.81
3986.75,3.47,1.3,2.92,0.8,0.88,0.9
3987.0,3.43,1.3,2.69,0.85,0.9,1.0
3987.25,3.46,1.42,3.03,0.81,0.74,0.8
3987.5,3.43,1.43,3.06,0.86,0.75,0.78
3987.75,3.45,1.37,3.17,0.87,0.78,0.78
3988.0,3.49,1.35,2.87,0.78,0.81,0.93
3988.25,3.5,1.3,2.95,0.81,0.88,0.85
3988.5,3.41,1.33,2.98,0.89,0.87,0.84
3988.75,3.49,1.29,2.9,0.79,0.89,0.9
3989.0,3.43,1.27,3.13,0.86,0.91,0.74
3989.25,3.42,1.28,2.94,0.86,0.91,0.81
3989.5,3.52,1.3,3.24,0.75,0.91,0.63
3989.75,3.44,1.31,2.98,0.82,0.87,0.83
3990.0,3.39,1.3,3.32,0.85,0.86,0.64
3990.25,3.42,1.31,3.12,0.8,0.85,0.68
3990.5,3.35,1.39,2.92,0.88,0.76,0.91
3990.75,3.63,2.17,3.67,0.9,0.81,0.95
3991.0,3.88,2.3,3.7,0.92,0.83,1.2
3991.25,4.76,3.71,4.57,1.3,0.9,1.2
3991.5,5.75,4.57,6.29,1.9,0.86,1.5
3991.75,0.0,0.0,0.0,0.0,0.0,0.0
3992.0,6.91,7.13,6.64,1.9,1.3,1.7
3992.25,5.99,5.66,5.3,1.6,1.3,1.9
3992.5,3.66,7.97,6.38,1.7,1.2,1.8
3992.75,0.0,0.0,0.0,0.0,0.0,0.0
3993.0,3.93,11.8,7.46,1.9,1.1,1.7
3993.25,4.75,11.2,7.5,1.7,1.0,1.9
3993.5,4.28,11.3,7.62,1.7,0.94,1.9
3993.75,4.53,11.7,9.72,1.9,0.8,1.8
3994.0,7.11,11.0,10.4,2.0,1.3,1.9
3994.25,7.54,8.16,10.2,1.9,1.2,2.0
3994.5,5.72,7.84,10.2,1.8,1.5,1.9
3994.75,5.28,7.72,10.2,1.8,1.4,1.6
3995.0,0.0,0.0,0.0,0.0,0.0,0.0
3995.25,0.0,0.0,0.0,0.0,0.0,0.0
3995.5,6.23,7.43,9.73,1.7,1.4,1.7
3995.75,5.43,6.91,8.16,1.6,1.3,1.9
3996.0,0.0,0.0,0.0,0.0,0.0,0.0
3996.25,1.92,8.52,3.61,1.6,0.88,1.7
3996.5,1.85,6.73,3.7,1.7,0.99,1.5
3996.75,0.0,0.0,0.0,0.0,0.0,0.0
3997.0,2.23,6.0,4.56,1.6,1.1,1.1
3997.25,2.01,5.82,3.25,1.4,1.1,1.7
3997.5,0.0,0.0,0.0,0.0,0.0,0.0
3997.75,3.57,5.86,5.9,1.8,1.6,1.6
3998.0,0.0,0.0,0.0,0.0,0.0,0.0
3998.25,0.0,0.0,0.0,0.0,0.0,0.0
3998.5,0.0,0.0,0.0,0.0,0.0,0.0
3998.75,0.0,0.0,0.0,0.0,0.0,0.0
3999.0,3.96,2.77,7.12,1.9,1.6,1.8
3999.25,2.62,2.77,6.47,1.8,1.7,2.2
3999.5,0.0,0.0,0.0,0.0,0.0,0.0
3999.75,0.0,0.0,0.0,0.0,0.0,0.0
4000.0,0.0,0.0,0.0,0.0,0.0,0.0
4000.25,0.0,0.0,0.0,0.0,0.0,0.0
4000.5,0.0,0.0,0.0,0.0,0.0,0.0
4000.75,2.81,4.06,6.05,1.8,1.5,1.6
4001.0,2.31,2.08,4.73,1.7,1.4,2.0
4001.25,3.52,1.7,5.4,2.0,1.2,1.2
4001.5,4.47,2.19,4.91,0.88,0.73,1.5
4001.75,4.04,2.06,5.9,0.8,0.83,1.0
4002.0,3.92,4.55,5.71,0.82,0.86,0.85
4002.25,0.0,0.0,0.0,0.0,0.0,0.0
4002.5,4.15,4.73,4.37,0.78,0.72,1.3
4002.75,3.98,1.58,4.95,0.84,0.91,0.67
4003.0,4.48,2.97,4.96,0.86,1.0,0.75
4003.25,4.37,2.95,4.92,0.88,1.1,0.73
4003.5,0.0,0.0,0.0,0.0,0.0,0.0
4003.75,0.0,0.0,0.0,0.0,0.0,0.0
4004.0,0.0,0.0,0.0,0.0,0.0,0.0
4004.25,4.13,2.8,3.66,0.98,1.2,1.2
4004.5,4.44,5.3,3.94,1.1,1.3,1.1
4004.75,4.26,5.44,4.67,0.82,1.2,0.78
4005.0,4.14,2.99,4.1,0.88,1.3,1.0
4005.25,4.02,1.83,4.69,0.88,1.1,0.6
4005.5,3.94,1.62,3.95,0.86,1.1,0.97
4005.75,3.98,1.43,4.09,0.83,1.0,0.87
4006.0,3.95,1.31,3.82,0.89,1.0,0.91
4006.25,3.95,1.39,3.49,0.75,0.97,1.0
4006.5,3.77,1.48,3.97,0.83,0.88,0.68
4006.75,3.63,1.77,2.84,0.73,0.88,0.98
4007.0,3.66,4.07,3.33,0.75,0.81,0.7
4007.25,3.62,3.92,2.74,0.81,0.94,1.0
4007.5,3.64,3.92,2.63,0.8,1.0,1.0
4007.75,3.75,4.04,2.65,0.65,0.89,1.0
4008.0,0.0,0.0,0.0,0.0,0.0,0.0
4008.25,3.58,1.2,3.18,0.87,1.0,0.79
4008.5,3.67,1.13,2.71,0.74,1.0,1.0
4008.75,0.0,0.0,0.0,0.0,0.0,0.0
4009.0,3.66,1.24,2.6,0.71,0.89,1.0
4009.25,3.57,1.27,3.33,0.73,0.84,0.66
4009.5,3.55,1.27,2.89,0.77,0.86,0.83
4009.75,3.54,1.25,3.31,0.82,0.88,0.63
4010.0,0.0,0.0,0.0,0.0,0.0,0.0
4010.25,0.0,0.0,0.0,0.0,0.0,0.0
4010.5,0.0,0.0,0.0,0.0,0.0,0.0
4010.75,3.58,1.19,3.24,0.79,0.9,0.63
4011.0,0.0,0.0,0.0,0.0,0.0,0.0
4011.25,0.0,0.0,0.0,0.0,0.0,0.0
4011.5,3.59,1.15,2.71,0.76,1.0,0.97
4011.75,0.0,0.0,0.0,0.0,0.0,0.0
4012.0,3.53,1.26,3.29,0.83,0.87,0.66
4012.25,3.51,1.76,3.09,0.77,0.89,0.82
4012.5,3.52,3.93,3.31,0.8,0.86,0.71
4012.75,3.58,3.06,2.97,0.69,0.94,0.89
4013.0,3.54,1.21,3.69,0.79,0.91,0.53
4013.25,3.58,1.19,3.33,0.78,0.94,0.67
4013.5,3.5,1.15,3.65,0.86,1.0,0.61
4013.75,3.79,1.13,3.7,0.09,1.0,0.5
4014.0,3.5,1.12,2.99,0.81,1.0,0.82
4014.25,0.0,0.0,0.0,0.0,0.0,0.0
4014.5,3.57,1.21,2.66,0.77,0.87,1.0
4014.75,3.56,1.62,3.07,0.76,0.89,0.82
4015.0,3.78,5.41,3.79,0.87,0.93,1.0
4015.25,4.47,1.98,5.56,0.85,1.2,0.92
4015.5,5.7,2.16,6.4,1.0,1.2,1.2
4015.75,0.0,0.0,0.0,0.0,0.0,0.0
4016.0,4.64,5.26,6.72,1.0,1.3,1.0
4016.25,5.73,3.13,5.34,1.2,1.3,1.4
4016.5,4.79,2.6,5.47,1.4,1.3,1.8
4016.75,4.88,2.5,6.3,2.2,1.7,1.4
4017.0,3.24,5.25,5.9,2.5,1.8,1.7
4017.25,3.48,5.05,5.27,2.0,1.7,2.0
4017.5,5.89,5.32,6.49,1.7,1.7,1.7
4017.75,2.8,2.38,6.78,1.8,1.6,1.7
4018.0,2.91,5.4,5.29,1.7,1.6,2.2
4018.25,2.74,3.2,6.31,1.6,1.8,1.9
4018.5,3.6,5.15,5.42,1.7,1.7,2.3
4018.75,2.5,4.81,6.74,1.7,1.8,1.8
4019.0,2.58,2.27,6.1,1.7,1.8,2.0
4019.25,3.11,4.96,5.98,1.7,1.7,1.9
4019.5,2.61,2.05,6.55,1.9,1.8,1.7
4019.75,5.16,6.41,6.18,1.6,1.7,1.7
4020.0,5.06,3.89,5.44,1.5,1.5,1.6
4020.25,4.67,3.46,4.79,1.6,1.5,1.7
4020.5,2.68,2.94,4.65,1.8,1.5,1.6
4020.75,2.25,2.62,4.05,1.8,1.5,1.6
4021.0,2.22,3.44,4.13,1.6,1.5,1.5
4021.25,2.32,1.56,4.39,1.9,1.5,1.5
4021.5,3.09,1.33,5.17,1.6,1.5,1.5
4021.75,0.0,0.0,0.0,0.0,0.0,0.0
4022.0,0.0,0.0,0.0,0.0,0.0,0.0
4022.25,0.0,0.0,0.0,0.0,0.0,0.0
4022.5,0.0,0.0,0.0,0.0,0.0,0.0
4022.75,0.0,0.0,0.0,0.0,0.0,0.0
4023.0,0.0,0.0,0.0,0.0,0.0,0.0
4023.25,0.0,0.0,0.0,0.0,0.0,0.0
4023.5,0.0,0.0,0.0,0.0,0.0,0.0
4023.75,0.0,0.0,0.0,0.0,0.0,0.0
4024.0,0.0,0.0,0.0,0.0,0.0,0.0
4024.25,5.71,1.38,5.37,1.5,1.5,1.8
4024.5,0.0,0.0,0.0,0.0,0.0,0.0
4024.75,0.0,0.0,0.0,0.0,0.0,0.0
4025.0,6.73,1.72,5.82,1.1,0.95,1.0
4025.25,5.33,1.93,5.95,1.1,0.98,0.94
4025.5,0.0,0.0,0.0,0.0,0.0,0.0
4025.75,0.0,0.0,0.0,0.0,0.0,0.0
4026.0,4.05,1.3,5.13,1.0,1.1,0.71
4026.25,0.0,0.0,0.0,0.0,0.0,0.0
4026.5,0.0,0.0,0.0,0.0,0.0,0.0
4026.75,3.99,1.68,5.55,0.86,1.0,0.94
4027.0,0.0,0.0,0.0,0.0,0.0,0.0
4027.25,3.98,2.12,5.88,0.73,1.2,0.98
4027.5,4.03,2.12,5.68,0.91,1.1,0.96
4027.75,0.0,0.0,0.0,0.0,0.0,0.0
4028.0,0.0,0.0,0.0,0.0,0.0,0.0
4028.25,0.0,0.0,0.0,0.0,0.0,0.0
4028.5,3.98,1.46,5.5,0.9,1.1,0.93
4028.75,4.01,1.52,4.66,0.89,1.1,0.86
4029.0,3.94,1.51,4.68,0.98,1.1,0.73
4029.25,4.06,1.39,4.54,0.87,0.9,0.72
4029.5,4.02,1.36,4.48,0.96,0.94,0.72
4029.75,3.99,1.35,4.36,0.94,0.95,0.77
4030.0,3.98,1.38,4.4,0.93,0.9,0.79
4030.25,4.02,1.29,4.78,0.94,1.0,0.63
4030.5,4.03,1.27,4.11,0.92,1.1,0.79
4030.75,3.58,1.14,3.7,0.76,1.0,0.54
4031.0,3.56,1.12,3.19,0.78,1.0,0.78
4031.25,3.53,1.13,3.26,0.8,1.0,0.75
4031.5,3.52,1.12,3.57,0.84,1.0,0.57
4031.75,3.52,1.19,3.32,0.76,0.9,0.77
4032.0,3.51,1.2,3.42,0.77,0.9,0.74
4032.25,3.53,1.23,3.67,0.79,0.97,0.55
4032.5,3.58,1.25,3.84,0.75,0.89,0.51
4032.75,3.52,1.18,3.43,0.85,0.93,0.73
4033.0,3.62,1.2,3.9,0.74,0.92,0.52
4033.25,3.55,1.2,3.37,0.83,0.89,0.73
4033.5,3.61,1.19,3.1,0.73,0.93,0.87
4033.75,3.5,1.16,3.74,0.87,0.97,0.61
4034.0,3.56,1.11,3.43,0.79,1.0,0.75
4034.25,3.53,1.17,3.27,0.83,0.98,0.78
4034.5,3.51,1.17,3.49,0.83,1.0,0.67
4034.75,3.52,1.16,3.21,0.79,0.98,0.84
4035.0,3.55,1.13,3.37,0.71,1.0,0.77
4035.25,3.5,1.09,3.58,0.85,0.98,0.57
4035.5,3.58,1.14,3.31,0.68,0.92,0.78
4035.75,3.45,1.21,3.31,0.85,0.88,0.79
4036.0,3.52,1.1,3.39,0.76,0.98,0.69
4036.25,3.5,1.05,3.41,0.76,1.0,0.62
4036.5,3.49,1.14,3.58,0.81,0.97,0.6
4036.75,3.45,1.1,3.58,0.8,1.0,0.58
4037.0,3.46,1.0,3.7,0.82,1.1,0.53
4037.25,3.45,0.989,3.58,0.85,1.1,0.52
4037.5,3.51,1.07,3.3,0.74,0.99,0.71
4037.75,3.46,1.18,3.5,0.81,0.88,0.63
4038.0,3.49,1.11,3.59,0.77,0.91,0.59
4038.25,3.41,1.1,3.68,0.83,0.93,0.48
4038.5,3.42,1.04,3.58,0.79,1.0,0.62
4038.75,3.42,1.2,3.43,0.77,0.99,0.91
4039.0,3.47,1.24,3.58,0.76,0.95,0.85
4039.25,3.65,1.53,4.39,0.86,1.0,0.79
4039.5,3.9,1.26,3.7,0.65,1.0,0.86
4039.75,4.31,1.29,3.98,0.45,1.0,0.87
4040.0,4.31,1.77,4.28,0.41,0.94,0.96
4040.25,4.42,2.04,5.58,0.49,1.0,1.1
4040.5,4.62,1.34,5.96,0.4,0.96,1.1
4040.75,4.64,1.39,5.19,0.54,1.1,1.4
4041.0,4.72,1.1,5.36,0.57,1.1,1.3
4041.25,4.57,1.01,5.58,0.46,1.1,1.2
4041.5,4.62,3.01,7.82,0.9,1.3,0.99
4041.75,3.9,1.35,5.32,1.2,1.7,1.5
4042.0,4.19,0.873,5.26,0.84,1.6,1.3
4042.25,4.08,0.901,4.9,1.2,1.4,1.2
4042.5,4.12,0.899,4.71,1.1,1.4,1.4
4042.75,2.93,0.932,4.56,1.7,1.4,1.6
4043.0,3.56,0.906,5.03,1.6,1.4,1.3
4043.25,3.12,0.865,4.88,1.6,1.4,1.3
4043.5,3.07,0.492,4.96,1.6,1.4,1.5
4043.75,2.55,0.484,4.82,1.8,1.3,1.3
4044.0,2.21,0.45,4.63,1.6,1.3,1.4
4044.25,2.24,0.435,4.52,1.6,1.3,1.4
4044.5,2.4,0.398,4.12,1.6,1.4,1.3
4044.75,2.31,0.526,4.03,1.7,1.2,1.4
4045.0,1.97,0.577,4.25,1.6,1.2,1.4
4045.25,1.72,0.589,4.45,1.6,1.2,1.1
4045.5,1.86,0.486,4.11,1.6,1.4,1.3
4045.75,1.81,0.516,4.32,1.6,1.4,1.4
4046.0,1.87,0.572,4.18,1.6,1.3,1.5
4046.25,1.81,0.538,4.34,1.6,1.3,1.4
4046.5,1.86,0.51,4.04,1.5,1.4,1.5
4046.75,1.82,0.46,4.8,1.6,1.4,1.5
4047.0,2.83,1.87,4.09,1.2,1.3,1.8
4047.25,4.31,0.69,5.62,0.52,1.2,1.1
4047.5,4.01,0.668,5.15,0.74,1.3,1.4
4047.75,2.41,0.62,4.62,1.7,1.3,1.7
4048.0,2.48,0.751,4.33,1.6,1.3,1.8
4048.25,3.92,0.712,5.05,0.87,0.97,1.2
4048.5,4.43,1.11,5.6,0.49,0.82,1.2
4048.75,3.58,1.19,5.04,0.45,0.8,1.3
4049.0,3.74,1.21,5.31,0.07,0.91,1.2
4049.25,3.77,1.26,4.35,0.15,0.95,1.1
4049.5,3.81,1.24,4.2,0.085,1.0,1.2
4049.75,3.68,1.27,4.06,0.26,0.96,1.2
4050.0,3.75,1.29,3.39,0.18,0.96,1.0
4050.25,3.71,1.23,3.39,0.19,0.99,1.0
4050.5,3.7,1.21,3.24,0.22,1.0,1.1
4050.75,3.74,1.25,3.33,0.19,0.97,0.99
4051.0,3.78,1.35,3.79,0.15,0.87,0.8
4051.25,3.69,1.33,3.49,0.26,0.87,0.92
4051.5,3.81,1.33,3.35,0.11,0.89,0.95
4051.75,3.71,1.29,3.54,0.25,0.97,0.91
4052.0,3.74,1.3,3.26,0.22,0.97,1.0
4052.25,3.71,1.28,3.2,0.26,0.99,1.0
4052.5,3.7,1.26,3.32,0.25,1.0,0.99
4052.75,3.8,1.26,3.22,0.14,1.0,1.0
4053.0,3.71,1.25,3.67,0.26,1.0,0.91
4053.25,3.79,1.33,3.25,0.16,0.92,1.1
4053.5,3.68,1.24,2.97,0.25,0.88,0.94
4053.75,3.76,1.27,3.06,0.16,0.84,0.94
4054.0,3.74,1.26,2.36,0.2,0.87,1.3
4054.25,3.81,1.17,2.93,0.13,1.0,1.0
4054.5,3.74,1.23,3.02,0.2,0.96,0.95
4054.75,3.74,1.23,3.21,0.23,0.95,0.9
4055.0,3.7,1.25,2.85,0.25,0.95,1.1
4055.25,3.79,1.24,2.8,0.14,0.94,1.1
4055.5,3.67,1.23,3.26,0.3,0.92,0.81
4055.75,3.71,1.31,3.22,0.25,0.83,0.87
4056.0,3.67,1.27,3.05,0.3,0.88,0.99
4056.25,3.63,1.27,2.98,0.29,0.87,1.0
4056.5,3.7,1.29,3.31,0.21,0.81,0.74
4056.75,3.66,1.18,2.76,0.26,0.95,1.1
4057.0,3.77,1.15,2.88,0.14,0.99,1.1
4057.25,3.68,1.22,3.39,0.26,0.9,0.77
4057.5,3.7,1.17,2.69,0.26,0.97,1.1
4057.75,3.75,1.13,2.65,0.17,1.0,1.1
4058.0,3.75,1.17,3.42,0.17,0.97,0.75
4058.25,3.75,1.22,2.69,0.15,0.92,1.1
4058.5,3.7,1.29,3.03,0.22,0.87,0.87
4058.75,3.64,1.28,2.94,0.28,0.86,0.96
4059.0,3.66,1.28,2.87,0.27,0.86,1.0
4059.25,3.67,1.16,3.15,0.27,1.0,0.83
4059.5,3.69,1.16,2.81,0.27,1.0,0.97
4059.75,3.71,1.23,3.26,0.22,0.95,0.79
4060.0,3.68,1.2,3.1,0.27,0.97,0.9
4060.25,3.63,1.16,3.26,0.32,1.0,0.79
4060.5,3.61,1.2,3.15,0.32,0.96,0.91
4060.75,3.6,1.26,3.29,0.32,0.87,0.86
4061.0,0.0,0.0,0.0,0.0,0.0,0.0
4061.25,3.65,1.23,3.32,0.24,0.87,0.86
4061.5,0.0,0.0,0.0,0.0,0.0,0.0
4061.75,0.0,0.0,0.0,0.0,0.0,0.0
4062.0,3.6,1.16,2.31,0.29,0.99,1.3
4062.25,3.64,1.19,3.01,0.22,0.96,0.98
4062.5,3.64,1.16,3.4,0.24,0.94,0.81
4062.75,3.7,1.11,2.92,0.23,0.99,0.99
4063.0,3.72,1.11,2.56,0.12,0.99,1.2
4063.25,3.6,1.22,3.36,0.29,0.88,0.76
4063.5,0.0,0.0,0.0,0.0,0.0,0.0
4063.75,3.62,1.28,2.81,0.22,0.81,1.0
4064.0,0.0,0.0,0.0,0.0,0.0,0.0
4064.25,3.49,1.04,2.79,0.09,0.76,1.1
4064.5,3.59,1.15,3.39,0.3,0.9,0.84
4064.75,0.0,0.0,0.0,0.0,0.0,0.0
4065.0,0.0,0.0,0.0,0.0,0.0,0.0
4065.25,0.0,0.0,0.0,0.0,0.0,0.0
4065.5,0.0,0.0,0.0,0.0,0.0,0.0
4065.75,0.0,0.0,0.0,0.0,0.0,0.0
4066.0,0.0,0.0,0.0,0.0,0.0,0.0
4066.25,0.0,0.0,0.0,0.0,0.0,0.0
4066.5,0.0,0.0,0.0,0.0,0.0,0.0
4066.75,0.0,0.0,0.0,0.0,0.0,0.0
4067.0,0.0,0.0,0.0,0.0,0.0,0.0
4067.25,0.0,0.0,0.0,0.0,0.0,0.0
4067.5,1.03,0.53,2.74,1.2,1.3,1.0
4067.75,0.0,0.0,0.0,0.0,0.0,0.0
4068.0,1.0,0.65,2.83,1.3,1.1,0.95
4068.25,0.0,0.0,0.0,0.0,0.0,0.0
4068.5,0.0,0.0,0.0,0.0,0.0,0.0
4068.75,0.0,0.0,0.0,0.0,0.0,0.0
4069.0,0.75,0.55,1.68,1.3,1.3,1.4
4069.25,0.74,0.65,2.81,1.3,1.2,0.94
4069.5,0.67,0.55,1.75,1.4,1.3,1.4
4069.75,0.965,0.54,1.81,1.4,1.3,1.4
4070.0,0.88,0.62,2.75,1.4,1.1,1.0
4070.25,0.0,0.0,0.0,0.0,0.0,0.0
4070.5,0.0,0.0,0.0,0.0,0.0,0.0
4070.75,0.0,0.0,0.0,0.0,0.0,0.0
4071.0,0.9,0.74,1.81,1.4,1.0,1.4
4071.25,0.99,0.63,1.66,1.3,1.1,1.5
4071.5,1.17,0.53,2.74,1.1,1.2,1.0
4071.75,0.0,0.0,0.0,0.0,0.0,0.0
4072.0,0.915,0.525,2.36,1.4,1.3,1.1
4072.25,0.985,0.575,2.88,1.3,1.2,0.9
4072.5,1.17,0.52,2.91,1.3,1.2,0.79
4072.75,1.19,0.57,2.63,1.4,1.2,0.97
4073.0,1.57,0.597,2.74,1.3,1.2,0.85
4073.25,2.29,0.713,2.45,0.81,1.1,0.94
4073.5,3.34,1.03,3.15,0.26,0.77,0.83
4073.75,3.56,1.39,2.84,0.17,0.67,0.99
4074.0,3.61,1.34,3.14,0.13,0.76,0.88
4074.25,3.56,1.3,2.81,0.16,0.81,1.0
4074.5,3.59,1.3,3.05,0.18,0.81,0.92
4074.75,3.62,1.29,2.64,0.2,0.81,1.1
4075.0,3.63,1.28,2.92,0.16,0.82,1.0
4075.25,3.56,1.28,3.14,0.27,0.82,0.9
4075.5,3.62,1.31,3.03,0.19,0.79,0.94
4075.75,3.61,1.44,3.03,0.18,0.65,0.99
4076.0,3.59,1.4,2.88,0.22,0.69,1.1
4076.25,3.71,1.43,3.12,0.085,0.66,0.83
4076.5,3.63,1.36,3.02,0.21,0.73,0.94
4076.75,3.71,1.28,3.03,0.12,0.85,1.0
4077.0,3.69,1.32,2.82,0.13,0.79,1.1
4077.25,3.63,1.3,2.75,0.23,0.82,1.1
4077.5,3.64,1.29,2.78,0.22,0.84,1.1
4077.75,3.69,1.33,2.89,0.15,0.8,1.1
4078.0,3.6,1.29,3.03,0.28,0.85,0.91
4078.25,3.69,1.35,2.99,0.16,0.78,0.98
4078.5,3.67,1.43,3.02,0.26,0.68,1.0
4078.75,3.69,1.39,2.72,0.28,0.72,1.2
4079.0,3.76,1.41,3.03,0.21,0.72,0.97
4079.25,3.73,1.32,2.65,0.28,0.83,1.1
4079.5,3.78,1.29,2.93,0.23,0.87,1.0
4079.75,3.72,1.33,2.8,0.33,0.84,1.0
4080.0,3.76,1.31,3.08,0.28,0.84,0.93
4080.25,3.76,1.28,2.74,0.29,0.89,1.1
4080.5,3.7,1.34,3.5,0.36,0.86,0.71
4080.75,3.79,1.32,2.68,0.23,0.85,1.2
4081.0,3.75,1.38,3.19,0.28,0.8,0.91
4081.25,3.69,1.41,3.07,0.36,0.73,0.92
4081.5,3.78,1.41,3.11,0.24,0.74,0.92
4081.75,3.74,1.33,3.02,0.3,0.81,0.97
4082.0,3.75,1.3,3.19,0.27,0.87,0.94
4082.25,3.8,1.3,3.23,0.22,0.87,0.92
4082.5,3.73,1.28,3.24,0.35,0.9,0.94
4082.75,3.79,1.3,2.84,0.25,0.87,1.1
4083.0,3.71,1.3,3.1,0.36,0.89,0.97
4083.25,3.76,1.29,2.67,0.33,0.89,1.3
4083.5,3.77,1.3,3.14,0.3,0.87,0.99
4083.75,3.84,1.4,3.07,0.21,0.76,0.98
4084.0,3.73,1.22,3.18,0.33,0.82,0.91
4084.25,3.76,1.16,2.27,0.29,0.87,1.4
4084.5,3.73,1.17,2.95,0.33,1.0,1.0
4084.75,3.82,1.17,3.18,0.2,1.0,0.87
4085.0,3.76,1.25,3.1,0.3,0.96,0.98
4085.25,3.86,1.15,2.73,0.19,1.0,1.2
4085.5,3.76,1.19,2.94,0.31,0.99,0.95
4085.75,3.75,1.19,2.81,0.28,0.97,1.1
4086.0,3.77,1.17,2.49,0.27,1.0,1.3
4086.25,3.79,1.26,2.69,0.18,0.9,1.1
4086.5,3.8,1.33,2.4,0.17,0.83,1.3
4086.75,3.86,1.33,3.2,0.13,0.9,1.1
4087.0,3.89,1.39,3.34,0.35,0.9,1.2
4087.25,4.05,1.31,3.36,0.36,1.0,0.99
4087.5,3.8,1.42,3.56,0.34,1.1,1.1
4087.75,3.55,1.23,3.17,0.4,1.0,1.2
4088.0,2.69,0.811,3.24,0.97,1.5,1.3
4088.25,1.98,0.647,3.3,1.3,1.4,1.1
4088.5,1.5,0.606,2.76,1.6,1.4,1.3
4088.75,1.31,0.548,2.63,1.5,1.4,1.2
4089.0,0.996,0.706,2.68,1.5,1.2,1.2
4089.25,1.04,0.698,3.17,1.4,1.2,1.4
4089.5,0.994,0.826,2.99,1.4,1.3,1.5
4089.75,1.18,0.967,3.51,1.3,1.4,1.2
4090.0,1.34,0.655,3.33,1.4,1.4,1.3
4090.25,0.0,0.0,0.0,0.0,0.0,0.0
4090.5,0.0,0.0,0.0,0.0,0.0,0.0
4090.75,0.0,0.0,0.0,0.0,0.0,0.0
4091.0,0.0,0.0,0.0,0.0,0.0,0.0
4091.25,0.0,0.0,0.0,0.0,0.0,0.0
4091.5,0.0,0.0,0.0,0.0,0.0,0.0
4091.75,0.0,0.0,0.0,0.0,0.0,0.0
4092.0,0.0,0.0,0.0,0.0,0.0,0.0
4092.25,0.0,0.0,0.0,0.0,0.0,0.0
4092.5,0.0,0.0,0.0,0.0,0.0,0.0
4092.75,0.0,0.0,0.0,0.0,0.0,0.0
4093.0,0.0,0.0,0.0,0.0,0.0,0.0
4093.25,0.0,0.0,0.0,0.0,0.0,0.0
4093.5,0.0,0.0,0.0,0.0,0.0,0.0
4093.75,0.0,0.0,0.0,0.0,0.0,0.0
4094.0,0.0,0.0,0.0,0.0,0.0,0.0
4094.25,0.0,0.0,0.0,0.0,0.0,0.0
4094.5,0.0,0.0,0.0,0.0,0.0,0.0
4094.75,0.0,0.0,0.0,0.0,0.0,0.0
4095.0,0.0,0.0,0.0,0.0,0.0,0.0
4095.25,0.0,0.0,0.0,0.0,0.0,0.0
4095.5,0.0,0.0,0.0,0.0,0.0,0.0
4095.75,0.0,0.0,0.0,0.0,0.0,0.0
4096.0,0.0,0.0,0.0,0.0,0.0,0.0
4096.25,0.0,0.0,0.0,0.0,0.0,0.0
4096.5,0.0,0.0,0.0,0.0,0.0,0.0
4096.75,0.0,0.0,0.0,0.0,0.0,0.0
4097.0,0.0,0.0,0.0,0.0,0.0,0.0
4097.25,3.04,0.46,2.28,0.07,1.3,1.2
4097.5,3.63,1.14,3.35,0.21,0.73,0.84
4097.75,3.77,1.32,3.3,0.24,0.78,0.94
4098.0,3.71,1.4,3.76,0.33,0.7,0.82
4098.25,3.67,1.35,3.64,0.39,0.72,0.87
4098.5,3.75,1.4,3.62,0.34,0.7,0.8
4098.75,3.81,1.4,2.91,0.29,0.71,1.2
4099.0,3.73,1.24,3.12,0.41,0.88,1.1
4099.25,3.88,1.28,3.24,0.23,0.85,1.0
4099.5,3.77,1.2,3.36,0.43,0.91,0.99
4099.75,3.77,1.2,3.76,0.43,0.92,0.79
4100.0,3.83,1.27,3.65,0.34,0.81,0.87
4100.25,3.89,1.19,3.55,0.29,0.91,0.89
4100.5,3.85,1.25,2.93,0.33,0.87,1.2
4100.75,3.85,1.37,3.03,0.36,0.71,1.2
4101.0,3.85,1.31,2.89,0.33,0.8,1.2
4101.25,3.88,1.36,3.52,0.29,0.7,0.89
4101.5,3.78,1.26,3.74,0.44,0.85,0.83
4101.75,3.73,1.15,3.42,0.31,0.93,0.6
4102.0,3.74,1.21,3.36,0.3,0.89,0.69
4102.25,3.71,1.17,3.12,0.36,0.91,0.79
4102.5,0.0,0.0,0.0,0.0,0.0,0.0
4102.75,3.67,1.18,3.01,0.37,0.9,0.81
4103.0,3.72,1.15,3.46,0.33,0.93,0.61
4103.25,3.78,1.26,3.08,0.29,0.82,0.79
4103.5,3.74,1.29,2.95,0.35,0.77,0.82
4103.75,3.76,1.27,3.31,0.34,0.76,0.7
4104.0,3.77,1.23,3.14,0.35,0.74,0.77
4104.25,3.75,1.02,2.86,0.4,0.96,1.0
4104.5,3.84,1.07,2.91,0.28,0.95,0.96
4104.75,3.82,1.09,2.98,0.29,0.92,0.92
4105.0,3.77,1.08,2.58,0.34,0.97,1.1
4105.25,3.77,1.07,2.9,0.28,0.9,0.9
4105.5,3.76,1.03,2.74,0.24,0.96,1.0
4105.75,3.77,1.07,3.13,0.21,0.9,0.85
4106.0,3.74,1.08,3.25,0.26,0.92,0.69
4106.25,3.73,1.12,2.92,0.31,0.83,0.93
4106.5,3.8,1.15,2.25,0.24,0.81,1.2
4106.75,3.73,1.09,2.43,0.33,0.9,1.1
4107.0,3.74,1.06,3.06,0.32,0.94,0.82
4107.25,3.72,1.11,2.24,0.32,0.9,1.3
4107.5,3.75,1.05,3.1,0.3,0.97,0.87
4107.75,3.8,1.11,2.61,0.2,0.95,1.0
4108.0,3.8,1.07,2.5,0.18,0.97,1.1
4108.25,3.7,1.12,2.55,0.32,0.95,1.1
4108.5,3.81,1.17,2.7,0.19,0.88,1.0
4108.75,3.73,1.18,3.04,0.31,0.86,0.82
4109.0,3.78,1.25,3.11,0.25,0.76,0.77
4109.25,3.77,1.22,3.14,0.22,0.82,0.77
4109.5,3.76,1.14,2.88,0.27,0.91,0.92
4109.75,3.75,1.13,3.23,0.27,0.93,0.65
4110.0,3.72,1.12,2.29,0.3,0.97,1.2
4110.25,3.71,1.15,2.92,0.29,0.89,0.89
4110.5,3.76,1.14,2.63,0.19,0.95,0.98
4110.75,3.83,1.24,3.15,0.22,0.96,0.77
4111.0,3.81,1.29,2.58,0.21,0.91,1.0
4111.25,3.73,1.27,2.68,0.31,0.96,0.99
4111.5,3.71,1.39,2.77,0.33,0.75,0.92
4111.75,3.02,0.892,2.25,0.75,1.1,1.1
4112.0,1.5,0.68,2.32,1.4,1.2,1.1
4112.25,1.09,0.6,1.61,1.5,1.3,1.4
4112.5,1.11,0.494,2.53,1.4,1.4,0.92
4112.75,1.04,0.517,2.34,1.5,1.4,1.0
4113.0,1.1,0.513,2.01,1.4,1.4,1.2
4113.25,1.04,0.481,2.24,1.5,1.4,1.1
4113.5,1.05,0.504,1.92,1.5,1.3,1.2
4113.75,1.17,0.462,2.13,1.4,1.4,1.1
4114.0,1.1,0.483,2.48,1.4,1.3,1.0
4114.25,1.0,0.606,2.35,1.5,1.3,1.0
4114.5,1.11,0.652,2.32,1.4,1.3,1.1
4114.75,1.01,0.701,2.32,1.5,1.3,1.1
4115.0,1.07,0.651,2.34,1.4,1.4,1.1
4115.25,0.88,0.654,1.67,1.4,1.4,1.4
4115.5,0.866,0.636,2.5,1.3,1.4,1.0
4115.75,0.873,0.623,2.35,1.3,1.4,1.1
4116.0,0.873,0.638,2.49,1.3,1.3,0.99
4116.25,0.8,0.62,2.75,1.4,1.3,0.87
4116.5,1.45,0.775,2.78,1.4,1.3,0.81
4116.75,0.0,0.0,0.0,0.0,0.0,0.0
4117.0,0.0,0.0,0.0,0.0,0.0,0.0
4117.25,0.0,0.0,0.0,0.0,0.0,0.0
4117.5,0.0,0.0,0.0,0.0,0.0,0.0
4117.75,1.47,0.84,1.64,1.4,1.2,1.4
4118.0,1.55,0.75,2.82,1.4,1.3,0.78
4118.25,1.46,0.78,2.84,1.5,1.3,0.79
4118.5,1.54,0.955,2.25,1.5,1.4,1.1
4118.75,1.41,2.87,2.38,1.5,1.2,1.0
4119.0,1.51,1.17,2.32,1.4,1.3,1.1
4119.25,0.0,0.0,0.0,0.0,0.0,0.0
4119.5,1.51,1.11,2.76,1.5,1.3,0.92
4119.75,1.56,1.14,1.73,1.4,1.3,1.3
4120.0,0.0,0.0,0.0,0.0,0.0,0.0
4120.25,1.56,1.15,2.74,1.5,1.3,0.86
4120.5,0.85,0.57,2.86,1.3,1.3,0.79
4120.75,0.0,0.0,0.0,0.0,0.0,0.0
4121.0,1.07,0.67,2.84,1.4,1.2,0.79
4121.25,1.04,0.575,2.26,1.4,1.3,1.1
4121.5,1.9,0.58,2.86,1.2,1.3,0.65
4121.75,2.36,0.58,1.82,0.96,1.3,1.2
4122.0,3.64,1.43,2.31,0.21,0.71,1.1
4122.25,3.66,1.51,2.27,0.26,0.61,1.2
4122.5,0.0,0.0,0.0,0.0,0.0,0.0
4122.75,3.69,1.35,2.21,0.26,0.81,1.2
4123.0,3.76,1.32,3.32,0.17,0.84,0.68
4123.25,3.8,1.4,2.78,0.14,0.77,0.9
4123.5,3.75,1.36,2.7,0.25,0.79,1.0
4123.75,3.77,1.34,3.29,0.23,0.87,0.69
4124.0,3.77,1.42,2.82,0.24,0.75,0.9
4124.25,3.74,1.33,3.39,0.31,0.87,0.61
4124.5,0.0,0.0,0.0,0.0,0.0,0.0
4124.75,3.81,1.48,3.12,0.23,0.7,0.74
4125.0,3.91,1.43,2.45,0.1,0.74,0.98
4125.25,3.81,1.48,3.4,0.22,0.68,0.65
4125.5,3.88,1.34,2.78,0.2,0.88,0.94
4125.75,0.0,0.0,0.0,0.0,0.0,0.0
4126.0,3.84,1.33,2.4,0.25,0.88,1.1
4126.25,3.87,1.33,2.24,0.24,0.88,1.2
4126.5,3.8,1.36,3.26,0.24,0.81,0.72
4126.75,3.75,1.32,2.32,0.32,0.87,1.1
4127.0,3.85,1.37,3.08,0.21,0.83,0.83
4127.25,3.76,1.32,2.18,0.32,0.87,1.3
4127.5,3.86,1.5,3.22,0.21,0.68,0.75
4127.75,3.88,1.49,2.75,0.13,0.7,0.94
4128.0,0.0,0.0,0.0,0.0,0.0,0.0
4128.25,3.83,1.43,3.21,0.23,0.75,0.78
4128.5,3.93,1.32,2.76,0.08,0.88,0.94
4128.75,3.8,1.4,2.49,0.32,0.8,1.1
4129.0,3.87,1.31,2.23,0.25,0.88,1.3
4129.25,4.06,1.34,2.82,0.21,0.86,0.98
4129.5,3.89,1.31,2.8,0.22,0.87,0.92
4129.75,3.86,1.33,2.48,0.24,0.89,1.2
4130.0,3.85,1.39,2.58,0.3,0.81,1.1
4130.25,3.86,1.34,2.77,0.22,0.88,0.99
4130.5,3.79,1.47,3.01,0.29,0.71,0.79
4130.75,3.81,1.42,2.52,0.25,0.75,1.1
4131.0,3.82,1.47,2.69,0.26,0.69,1.0
4131.25,3.79,1.33,2.58,0.29,0.85,1.1
4131.5,3.66,1.35,2.26,0.31,0.77,1.1
4131.75,3.72,1.33,2.31,0.24,0.86,1.1
4132.0,3.65,1.29,3.21,0.3,0.84,0.67
4132.25,3.75,1.3,2.31,0.21,0.85,1.1
4132.5,3.68,1.28,2.66,0.24,0.84,0.89
4132.75,3.67,1.31,2.58,0.24,0.81,0.97
4133.0,3.72,1.32,2.77,0.23,0.86,0.88
4133.25,3.72,1.39,3.01,0.23,0.75,0.76
4133.5,3.72,1.44,2.57,0.27,0.69,0.95
4133.75,3.82,1.39,2.24,0.11,0.72,1.2
4134.0,3.73,1.45,2.95,0.24,0.7,0.82
4134.25,3.77,1.39,2.75,0.2,0.74,0.96
4134.5,3.74,1.31,2.75,0.23,0.82,0.94
4134.75,3.76,1.29,2.31,0.17,0.86,1.2
4135.0,3.66,1.3,2.74,0.29,0.86,0.95
4135.25,2.6,0.7,1.94,1.2,1.3,1.2
4135.5,1.64,0.625,2.21,1.3,1.2,1.1
4135.75,1.23,0.56,1.93,1.3,1.3,1.2
4136.0,1.05,0.57,1.64,1.4,1.3,1.4
4136.25,1.02,0.59,2.32,1.4,1.3,1.1
4136.5,1.11,0.578,1.83,1.3,1.3,1.3
4136.75,0.88,0.673,2.38,1.4,1.2,0.96
4137.0,0.832,0.718,1.65,1.3,1.1,1.3
4137.25,0.796,0.716,1.98,1.3,1.1,1.2
4137.5,0.86,0.622,1.77,1.3,1.2,1.3
4137.75,0.83,0.584,2.14,1.3,1.2,1.1
4138.0,0.83,0.572,2.06,1.3,1.3,1.2
4138.25,0.793,0.585,1.83,1.3,1.2,1.3
4138.5,0.87,0.54,2.6,1.2,1.2,0.94
4138.75,0.77,0.633,1.73,1.4,1.2,1.3
4139.0,0.0,0.0,0.0,0.0,0.0,0.0
4139.25,0.81,0.615,1.64,1.3,1.2,1.3
4139.5,0.865,0.57,2.29,1.2,1.3,1.0
4139.75,0.82,0.67,2.77,1.3,1.1,0.78
4140.0,0.85,0.735,1.65,1.3,1.1,1.3
4140.25,0.0,0.0,0.0,0.0,0.0,0.0
4140.5,0.0,0.0,0.0,0.0,0.0,0.0
4140.75,0.875,0.575,2.28,1.3,1.3,0.98
4141.0,0.0,0.0,0.0,0.0,0.0,0.0
4141.25,0.0,0.0,0.0,0.0,0.0,0.0
4141.5,0.78,0.69,1.57,1.4,1.2,1.4
4141.75,0.75,0.59,2.72,1.4,1.3,0.86
4142.0,0.0,0.0,0.0,0.0,0.0,0.0
4142.25,1.03,2.06,1.57,1.4,0.64,1.4
4142.5,0.0,0.0,0.0,0.0,0.0,0.0
4142.75,1.07,0.71,1.65,1.4,1.2,1.4
4143.0,1.07,0.7,1.57,1.3,1.2,1.4
4143.25,1.05,0.8,1.61,1.4,1.0,1.4
4143.5,1.06,0.585,2.28,1.4,1.3,1.1
4143.75,0.99,0.66,2.67,1.4,1.2,0.93
4144.0,2.03,0.59,2.06,1.0,1.3,1.0
4144.25,1.4,0.53,1.59,1.6,1.3,1.4
4144.5,1.3,0.53,1.72,1.6,1.3,1.2
4144.75,0.0,0.0,0.0,0.0,0.0,0.0
4145.0,0.0,0.0,0.0,0.0,0.0,0.0
4145.25,3.66,1.11,2.76,0.21,0.86,0.89
4145.5,0.0,0.0,0.0,0.0,0.0,0.0
4145.75,0.0,0.0,0.0,0.0,0.0,0.0
4146.0,3.69,1.3,2.43,0.24,0.75,1.0
4146.25,3.63,1.21,2.29,0.31,0.86,1.1
4146.5,3.63,1.15,2.76,0.29,0.98,0.86
4146.75,3.72,1.16,3.08,0.14,0.94,0.76
4147.0,3.65,1.15,2.83,0.28,0.97,0.84
4147.25,3.81,1.17,2.93,0.1,0.99,0.81
4147.5,0.0,0.0,0.0,0.0,0.0,0.0
4147.75,3.75,1.19,3.04,0.24,0.97,0.82
4148.0,3.69,1.14,3.35,0.29,0.98,0.6
4148.25,4.0,1.26,2.89,0.16,0.86,0.9
4148.5,3.79,1.24,3.31,0.22,0.87,0.69
4148.75,3.8,1.34,2.17,0.22,0.76,1.3
4149.0,3.74,1.26,3.27,0.28,0.89,0.75
4149.25,3.7,1.23,3.22,0.29,0.89,0.76
4149.5,3.73,1.17,2.39,0.27,1.0,1.2
4149.75,3.83,1.22,2.72,0.16,0.95,1.0
4150.0,3.75,1.18,3.38,0.28,1.0,0.58
4150.25,0.0,0.0,0.0,0.0,0.0,0.0
4150.5,3.8,1.2,2.55,0.21,0.96,1.0
4150.75,3.81,1.18,2.45,0.15,1.0,1.1
4151.0,3.8,1.28,3.2,0.19,0.89,0.74
4151.25,3.77,1.29,2.26,0.29,0.87,1.2
4151.5,3.86,1.38,3.04,0.18,0.76,0.82
4151.75,3.88,1.3,2.84,0.16,0.86,0.88
4152.0,3.8,1.24,2.52,0.16,0.89,1.1
4152.25,3.78,1.18,2.59,0.23,0.98,1.1
4152.5,3.84,1.21,2.76,0.15,0.95,0.94
4152.75,3.84,1.19,2.25,0.2,0.98,1.2
4153.0,3.8,1.25,2.25,0.18,0.92,1.2
4153.25,3.79,1.23,2.94,0.22,0.94,0.86
4153.5,3.8,1.23,2.83,0.2,0.96,0.89
4153.75,3.77,1.35,3.07,0.24,0.84,0.77
4154.0,3.75,1.27,2.28,0.28,0.95,1.2
4154.25,3.82,1.41,2.88,0.21,0.75,0.91
4154.5,3.76,1.37,2.33,0.29,0.8,1.1
4154.75,3.75,1.41,3.42,0.28,0.78,0.6
4155.0,3.75,1.31,2.71,0.28,0.91,0.96
4155.25,3.88,1.34,2.69,0.12,0.83,1.0
4155.5,3.82,1.31,2.65,0.23,0.88,1.0
4155.75,3.78,1.31,3.31,0.28,0.87,0.71
4156.0,3.87,1.33,2.81,0.14,0.85,0.96
4156.25,3.79,1.31,2.18,0.29,0.87,1.3
4156.5,0.0,0.0,0.0,0.0,0.0,0.0
4156.75,3.86,1.31,2.53,0.13,0.85,1.1
4157.0,3.81,1.38,2.78,0.19,0.79,0.96
4157.25,3.86,1.43,3.28,0.15,0.72,0.72
4157.5,0.0,0.0,0.0,0.0,0.0,0.0
4157.75,3.81,1.42,2.28,0.17,0.71,1.3
4158.0,3.7,1.41,2.26,0.25,0.72,1.2
4158.25,0.0,0.0,0.0,0.0,0.0,0.0
4158.5,3.69,1.29,2.14,0.18,0.82,1.2
4158.75,3.76,1.92,4.58,0.28,0.86,1.0
4159.0,0.0,0.0,0.0,0.0,0.0,0.0
4159.25,5.55,2.95,7.26,0.55,1.1,1.3
4159.5,4.48,3.32,8.1,1.1,1.3,0.93
4159.75,0.0,0.0,0.0,0.0,0.0,0.0
4160.0,9.43,12.8,7.51,1.6,1.7,1.7
4160.25,11.3,11.0,8.88,1.7,1.7,1.7
4160.5,7.25,11.1,4.61,1.4,1.6,1.8
4160.75,0.0,0.0,0.0,0.0,0.0,0.0
4161.0,5.63,11.9,7.72,1.6,1.7,1.9
4161.25,5.47,11.7,9.61,1.8,1.8,2.0
4161.5,4.69,7.98,10.2,1.7,1.7,1.5
4161.75,6.06,9.16,7.91,1.7,1.5,1.7
4162.0,5.21,9.63,10.2,1.8,1.5,1.9
4162.25,6.63,10.0,9.04,1.6,1.7,1.9
4162.5,5.74,9.66,8.45,1.7,1.7,1.6
4162.75,6.72,8.3,9.29,1.7,1.5,2.0
4163.0,8.01,11.1,9.12,1.5,1.6,2.1
4163.25,11.9,9.71,10.1,1.6,1.6,2.0
4163.5,10.7,7.78,7.95,1.8,1.6,2.0
4163.75,15.4,6.67,9.82,1.3,1.2,1.4
4164.0,7.91,6.79,5.36,1.4,1.2,1.8
4164.25,7.66,5.19,6.12,1.5,1.3,1.7
4164.5,6.97,5.7,4.85,1.4,1.2,1.3
4164.75,3.1,6.05,4.48,1.7,1.2,1.3
4165.0,4.31,5.92,5.22,1.7,1.0,1.5
4165.25,2.99,6.77,6.58,1.8,0.83,1.6
4165.5,7.81,8.73,5.4,1.6,0.33,2.2
4165.75,7.96,9.42,8.69,1.4,1.2,2.2
4166.0,7.33,8.22,6.8,1.5,1.2,2.3
4166.25,0.0,0.0,0.0,0.0,0.0,0.0
4166.5,7.91,7.4,9.54,1.6,1.6,1.8
4166.75,0.0,0.0,0.0,0.0,0.0,0.0
4167.0,7.99,8.23,7.45,1.7,1.5,1.9
4167.25,0.0,0.0,0.0,0.0,0.0,0.0
4167.5,6.14,7.92,8.29,1.8,1.5,1.9
4167.75,6.09,7.54,7.88,1.7,1.5,2.1
4168.0,7.55,7.84,9.9,1.8,1.4,1.9
4168.25,6.67,7.26,8.83,1.7,1.3,1.4
4168.5,0.0,0.0,0.0,0.0,0.0,0.0
4168.75,0.0,0.0,0.0,0.0,0.0,0.0
4169.0,2.64,2.14,4.36,1.9,1.6,2.0
4169.25,0.0,0.0,0.0,0.0,0.0,0.0
4169.5,0.0,0.0,0.0,0.0,0.0,0.0
4169.75,4.18,5.0,6.85,0.76,1.2,1.4
4170.0,4.92,2.28,4.82,0.36,1.0,1.5
4170.25,4.52,1.78,8.1,0.33,0.89,0.87
4170.5,4.17,1.74,4.73,0.25,0.95,1.3
4170.75,4.41,1.73,4.15,0.32,0.95,1.6
4171.0,6.51,2.11,5.26,0.27,0.98,1.3
4171.25,6.62,3.69,5.06,0.43,1.2,1.5
4171.5,6.7,3.74,4.83,0.28,1.3,1.7
4171.75,6.8,3.93,5.3,0.3,1.1,1.5
4172.0,6.67,3.81,4.85,0.42,1.2,1.6
4172.25,0.0,0.0,0.0,0.0,0.0,0.0
4172.5,5.41,3.7,4.94,0.6,1.2,1.4
4172.75,6.23,3.53,4.66,0.5,1.0,1.6
4173.0,0.0,0.0,0.0,0.0,0.0,0.0
4173.25,0.0,0.0,0.0,0.0,0.0,0.0
4173.5,4.21,2.24,3.79,0.23,1.1,1.5
4173.75,0.0,0.0,0.0,0.0,0.0,0.0
4174.0,3.78,1.85,2.94,0.29,1.0,1.3
4174.25,3.77,1.78,4.03,0.3,0.84,0.71
4174.5,3.79,1.65,2.9,0.29,0.94,1.4
4174.75,3.7,1.45,2.49,0.26,0.89,1.3
4175.0,3.83,1.5,2.49,0.13,0.92,1.3
4175.25,3.68,1.47,3.38,0.27,0.9,0.73
4175.5,0.0,0.0,0.0,0.0,0.0,0.0
4175.75,3.72,1.51,2.87,0.26,0.83,1.0
4176.0,3.69,1.47,2.36,0.27,0.87,1.3
4176.25,3.77,1.49,2.38,0.24,0.83,1.3
4176.5,3.77,1.48,2.37,0.19,0.86,1.3
4176.75,3.74,1.52,2.78,0.22,0.84,1.1
4177.0,3.79,1.5,2.43,0.18,0.87,1.3
4177.25,3.73,1.49,2.41,0.21,0.83,1.3
4177.5,3.75,1.44,2.92,0.18,0.88,1.0
4177.75,3.72,1.56,2.47,0.3,0.76,1.2
4178.0,3.8,1.55,2.32,0.18,0.75,1.3
4178.25,3.73,1.5,2.98,0.27,0.85,1.0
4178.5,3.72,1.39,2.64,0.29,0.97,1.2
4178.75,3.81,1.54,2.4,0.15,0.78,1.3
4179.0,3.74,1.48,2.72,0.26,0.9,1.1
4179.25,3.73,1.44,2.36,0.3,0.89,1.4
4179.5,3.73,1.45,2.62,0.27,0.9,1.2
4179.75,3.79,1.53,2.88,0.2,0.82,1.1
4180.0,3.72,1.45,2.46,0.26,0.9,1.2
4180.25,3.72,1.53,2.42,0.26,0.81,1.3
4180.5,3.79,1.47,2.58,0.22,0.91,1.3
4180.75,3.74,1.51,2.44,0.25,0.85,1.2
4181.0,0.0,0.0,0.0,0.0,0.0,0.0
4181.25,3.74,1.51,2.75,0.3,0.84,1.0
4181.5,3.75,1.46,2.43,0.26,0.9,1.3
4181.75,3.72,1.52,2.76,0.29,0.83,1.1
4182.0,3.68,1.63,2.42,0.3,0.75,1.3
4182.25,3.73,1.56,3.24,0.23,0.76,0.82
4182.5,3.72,1.54,2.52,0.2,0.75,1.2
4182.75,3.8,2.82,3.13,0.3,0.67,1.4
4183.0,5.5,4.9,3.47,0.66,0.67,1.5
4183.25,8.25,7.02,5.9,1.0,0.032,1.2
4183.5,7.58,9.43,9.31,1.6,0.54,1.5
4183.75,6.51,10.6,9.67,1.9,0.57,1.3
4184.0,6.33,11.2,9.33,2.0,0.91,1.5
4184.25,8.24,13.3,11.6,2.1,0.83,1.4
4184.5,6.75,11.5,14.7,1.8,0.93,1.6
4184.75,10.0,11.5,13.8,1.8,0.68,1.8
4185.0,10.1,10.4,14.0,1.6,0.66,2.0
4185.25,9.33,11.8,14.1,1.7,0.58,2.3
4185.5,7.26,10.8,16.9,1.9,0.68,1.9
4185.75,10.4,10.4,15.9,1.9,0.71,1.9
4186.0,11.9,10.1,15.0,1.6,0.67,1.9
4186.25,10.2,11.2,16.9,1.9,0.79,1.6
4186.5,9.04,11.9,17.1,1.7,0.67,1.6
4186.75,8.57,11.3,16.8,1.7,0.84,1.4
4187.0,8.58,11.1,17.2,1.8,0.65,1.6
4187.25,8.74,9.39,15.6,1.9,1.2,1.7
4187.5,9.02,9.36,16.3,2.3,1.3,1.6
4187.75,6.16,9.24,11.9,2.2,1.4,2.1
4188.0,9.12,7.13,12.0,1.9,1.1,1.9
4188.25,4.18,6.76,10.5,1.7,1.1,1.8
4188.5,8.06,7.22,7.19,1.3,1.0,2.0
4188.75,3.54,6.96,7.37,1.6,0.95,2.1
4189.0,4.99,6.42,8.3,1.9,1.1,2.1
4189.25,0.0,0.0,0.0,0.0,0.0,0.0
4189.5,4.27,5.77,9.92,2.0,1.5,1.5
4189.75,4.43,7.17,9.84,2.0,1.5,1.7
4190.0,3.33,9.68,9.11,1.8,1.4,1.9
4190.25,0.0,0.0,0.0,0.0,0.0,0.0
4190.5,5.21,11.0,9.07,1.8,1.5,1.8
4190.75,3.04,9.11,10.7,1.9,1.6,1.5
4191.0,4.06,10.6,11.7,1.7,1.3,1.5
4191.25,4.53,9.99,8.53,1.9,1.7,1.8
4191.5,2.83,10.8,7.06,1.8,1.6,1.7
4191.75,2.96,8.56,7.86,1.8,1.7,1.6
4192.0,3.25,9.14,7.5,1.8,1.7,1.6
4192.25,3.24,7.33,6.46,1.7,1.8,2.1
4192.5,0.0,0.0,0.0,0.0,0.0,0.0
4192.75,3.3,5.03,5.24,1.7,1.6,1.8
4193.0,3.68,3.63,5.77,1.8,1.5,1.3
4193.25,2.62,3.31,5.82,1.7,1.4,1.5
4193.5,1.85,3.2,4.04,1.7,1.3,1.7
4193.75,3.41,2.91,4.8,0.63,1.3,1.1
4194.0,4.56,1.48,4.6,0.27,0.85,0.85
4194.25,5.4,1.59,3.88,0.26,0.87,1.0
4194.5,4.61,1.7,3.87,0.4,0.88,0.98
4194.75,5.57,1.89,4.34,0.43,0.98,1.0
4195.0,5.33,1.95,4.5,0.53,0.91,1.2
4195.25,5.38,1.98,5.02,0.42,0.98,0.84
4195.5,5.62,2.09,4.07,0.5,0.9,1.2
4195.75,0.0,0.0,0.0,0.0,0.0,0.0
4196.0,5.15,2.07,4.36,0.35,0.92,1.1
4196.25,5.29,1.96,3.84,0.51,0.83,1.1
4196.5,4.9,1.96,4.0,0.42,0.71,0.85
4196.75,5.52,2.28,3.55,0.46,0.93,1.2
4197.0,4.95,2.09,3.95,0.32,0.8,0.94
4197.25,0.0,0.0,0.0,0.0,0.0,0.0
4197.5,5.48,1.94,3.7,0.24,0.86,1.0
4197.75,4.57,1.45,4.11,0.35,0.84,0.78
4198.0,4.48,1.47,3.3,0.35,0.81,1.1
4198.25,4.1,1.44,3.14,0.28,0.84,1.1
4198.5,3.89,1.36,2.71,0.35,0.82,1.1
4198.75,3.87,1.27,2.66,0.22,0.79,0.88
4199.0,3.81,1.3,2.56,0.33,0.74,0.99
4199.25,3.89,1.37,2.55,0.27,0.67,1.1
4199.5,3.87,1.42,2.6,0.25,0.57,0.98
4199.75,3.89,1.34,2.54,0.26,0.67,1.1
4200.0,3.86,1.28,2.66,0.31,0.76,0.93
4200.25,3.83,1.28,2.71,0.35,0.75,0.86
4200.5,3.85,1.26,2.65,0.29,0.76,0.98
4200.75,3.81,1.29,2.67,0.34,0.74,0.99
4201.0,3.79,1.24,2.65,0.36,0.8,0.99
4201.25,3.87,1.3,2.73,0.26,0.72,0.83
4201.5,3.89,1.24,2.68,0.24,0.79,0.89
4201.75,3.8,1.34,2.54,0.35,0.68,1.1
4202.0,3.89,1.23,2.54,0.27,0.79,1.0
4202.25,0.0,0.0,0.0,0.0,0.0,0.0
4202.5,3.82,1.36,2.6,0.37,0.66,1.1
4202.75,3.89,1.34,2.52,0.24,0.66,1.0
4203.0,0.0,0.0,0.0,0.0,0.0,0.0
4203.25,0.0,0.0,0.0,0.0,0.0,0.0
4203.5,3.79,1.32,2.59,0.25,0.74,1.0
4203.75,3.89,1.24,2.68,0.26,0.8,0.98
4204.0,3.83,1.31,2.72,0.34,0.72,0.93
4204.25,3.84,1.24,2.66,0.36,0.79,0.98
4204.5,3.8,1.27,2.58,0.36,0.81,1.0
4204.75,0.0,0.0,0.0,0.0,0.0,0.0
4205.0,0.0,0.0,0.0,0.0,0.0,0.0
4205.25,0.0,0.0,0.0,0.0,0.0,0.0
4205.5,0.0,0.0,0.0,0.0,0.0,0.0
4205.75,0.0,0.0,0.0,0.0,0.0,0.0
4206.0,0.0,0.0,0.0,0.0,0.0,0.0
4206.25,0.0,0.0,0.0,0.0,0.0,0.0
4206.5,3.77,1.34,2.64,0.3,0.65,0.86
4206.75,0.0,0.0,0.0,0.0,0.0,0.0
4207.0,0.0,0.0,0.0,0.0,0.0,0.0
4207.25,0.0,0.0,0.0,0.0,0.0,0.0
4207.5,0.0,0.0,0.0,0.0,0.0,0.0
4207.75,0.0,0.0,0.0,0.0,0.0,0.0
4208.0,0.0,0.0,0.0,0.0,0.0,0.0
4208.25,0.0,0.0,0.0,0.0,0.0,0.0
4208.5,0.0,0.0,0.0,0.0,0.0,0.0
4208.75,0.0,0.0,0.0,0.0,0.0,0.0
4209.0,0.0,0.0,0.0,0.0,0.0,0.0
4209.25,0.0,0.0,0.0,0.0,0.0,0.0
4209.5,0.0,0.0,0.0,0.0,0.0,0.0
4209.75,15.2,14.4,12.2,1.0,0.69,1.8
4210.0,6.63,12.8,12.3,2.0,0.58,2.2
4210.25,0.0,0.0,0.0,0.0,0.0,0.0
4210.5,0.0,0.0,0.0,0.0,0.0,0.0
4210.75,6.83,13.2,17.2,1.7,0.76,1.8
4211.0,14.0,9.52,16.4,0.6,0.96,1.7
4211.25,11.2,10.4,17.8,1.2,0.92,1.5
4211.5,6.55,10.7,14.2,1.7,0.65,2.1
4211.75,6.82,9.99,14.2,1.6,0.51,1.7
4212.0,0.0,0.0,0.0,0.0,0.0,0.0
4212.25,4.47,6.37,5.81,2.0,1.1,2.1
4212.5,4.55,5.66,6.88,1.8,1.3,1.5
4212.75,9.23,4.12,8.01,1.2,1.0,1.6
4213.0,7.06,5.27,8.89,0.66,1.4,1.3
4213.25,3.61,4.35,8.42,1.2,1.3,1.6
4213.5,6.96,9.37,9.68,0.99,1.4,1.7
4213.75,7.58,8.78,11.9,1.3,1.3,1.6
4214.0,0.0,0.0,0.0,0.0,0.0,0.0
4214.25,0.0,0.0,0.0,0.0,0.0,0.0
4214.5,0.0,0.0,0.0,0.0,0.0,0.0
4214.75,4.89,7.29,13.0,2.1,1.3,1.3
4215.0,4.04,6.89,10.2,2.1,1.5,1.8
4215.25,0.0,0.0,0.0,0.0,0.0,0.0
4215.5,5.25,6.7,8.78,1.5,1.7,2.3
4215.75,4.86,6.51,8.89,1.5,1.4,2.3
4216.0,4.86,7.82,9.28,1.5,1.4,1.8
4216.25,0.0,0.0,0.0,0.0,0.0,0.0
4216.5,5.29,3.68,5.2,1.6,1.2,1.9
4216.75,0.0,0.0,0.0,0.0,0.0,0.0
4217.0,2.89,6.36,7.16,1.7,1.0,1.5
4217.25,3.3,4.88,6.9,1.8,1.0,2.1
4217.5,3.32,2.31,5.83,1.5,1.2,1.8
4217.75,5.13,2.05,6.81,0.5,0.79,1.4
4218.0,0.0,0.0,0.0,0.0,0.0,0.0
4218.25,4.92,1.43,8.47,0.39,0.69,1.3
4218.5,5.04,1.52,9.53,0.29,0.8,1.5
4218.75,0.0,0.0,0.0,0.0,0.0,0.0
4219.0,4.61,3.72,5.9,0.34,0.87,1.2
4219.25,4.63,3.86,4.95,0.54,0.86,1.5
4219.5,4.76,2.81,4.98,0.38,0.84,1.6
4219.75,0.0,0.0,0.0,0.0,0.0,0.0
4220.0,4.72,2.94,6.0,0.55,0.71,1.0
4220.25,4.68,3.72,5.59,0.56,0.67,0.97
4220.5,0.0,0.0,0.0,0.0,0.0,0.0
4220.75,4.81,2.92,4.36,0.39,0.84,1.3
4221.0,4.32,1.84,4.19,0.46,0.86,1.3
4221.25,0.0,0.0,0.0,0.0,0.0,0.0
4221.5,4.34,1.75,4.12,0.46,0.86,1.2
4221.75,0.0,0.0,0.0,0.0,0.0,0.0
4222.0,4.33,2.46,4.2,0.3,0.74,0.75
4222.25,0.0,0.0,0.0,0.0,0.0,0.0
4222.5,0.0,0.0,0.0,0.0,0.0,0.0
4222.75,3.72,1.32,2.74,0.34,0.65,1.0
4223.0,0.0,0.0,0.0,0.0,0.0,0.0
4223.25,3.82,2.76,2.63,0.27,0.38,0.98
4223.5,0.0,0.0,0.0,0.0,0.0,0.0
4223.75,3.72,2.63,2.57,0.36,0.56,1.0
4224.0,5.78,2.15,2.66,0.095,0.63,0.97
4224.25,5.55,1.94,2.69,0.25,0.66,1.0
4224.5,3.91,2.44,3.7,0.36,0.69,0.52
4224.75,0.0,0.0,0.0,0.0,0.0,0.0
4225.0,0.0,0.0,0.0,0.0,0.0,0.0
4225.25,0.0,0.0,0.0,0.0,0.0,0.0
4225.5,0.0,0.0,0.0,0.0,0.0,0.0
4225.75,3.82,1.95,3.68,0.41,0.64,0.45
4226.0,0.0,0.0,0.0,0.0,0.0,0.0
4226.25,0.0,0.0,0.0,0.0,0.0,0.0
4226.5,0.0,0.0,0.0,0.0,0.0,0.0
4226.75,0.0,0.0,0.0,0.0,0.0,0.0
4227.0,0.0,0.0,0.0,0.0,0.0,0.0
4227.25,0.0,0.0,0.0,0.0,0.0,0.0
4227.5,0.0,0.0,0.0,0.0,0.0,0.0
4227.75,7.84,1.09,3.71,-0.02,0.91,0.47
4228.0,0.0,0.0,0.0,0.0,0.0,0.0
4228.25,0.0,0.0,0.0,0.0,0.0,0.0
4228.5,0.0,0.0,0.0,0.0,0.0,0.0
4228.75,0.0,0.0,0.0,0.0,0.0,0.0
4229.0,0.0,0.0,0.0,0.0,0.0,0.0
4229.25,0.0,0.0,0.0,0.0,0.0,0.0
4229.5,0.0,0.0,0.0,0.0,0.0,0.0
4229.75,0.0,0.0,0.0,0.0,0.0,0.0
4230.0,0.0,0.0,0.0,0.0,0.0,0.0
4230.25,0.0,0.0,0.0,0.0,0.0,0.0
4230.5,0.0,0.0,0.0,0.0,0.0,0.0
4230.75,0.0,0.0,0.0,0.0,0.0,0.0
4231.0,0.0,0.0,0.0,0.0,0.0,0.0
4231.25,0.0,0.0,0.0,0.0,0.0,0.0
4231.5,0.0,0.0,0.0,0.0,0.0,0.0
4231.75,0.0,0.0,0.0,0.0,0.0,0.0
4232.0,0.0,0.0,0.0,0.0,0.0,0.0
4232.25,2.9,5.99,7.62,1.7,1.5,2.2
4232.5,0.0,0.0,0.0,0.0,0.0,0.0
4232.75,0.0,0.0,0.0,0.0,0.0,0.0
4233.0,0.0,0.0,0.0,0.0,0.0,0.0
4233.25,0.0,0.0,0.0,0.0,0.0,0.0
4233.5,5.3,5.54,10.8,1.7,1.5,1.9
4233.75,6.47,5.78,10.2,1.6,1.7,2.2
4234.0,6.85,6.64,10.7,1.7,1.9,2.2
4234.25,4.91,6.67,11.0,1.8,1.8,2.0
4234.5,4.46,5.82,10.3,1.8,1.7,2.2
4234.75,4.42,6.32,10.9,1.9,1.7,2.0
4235.0,4.3,5.63,10.4,1.7,1.6,2.2
4235.25,7.09,5.64,10.4,1.7,1.6,2.2
4235.5,7.81,5.52,9.38,1.4,1.7,1.8
4235.75,8.08,5.48,7.41,1.4,1.5,1.5
4236.0,4.66,5.51,6.51,1.8,1.5,1.8
4236.25,4.07,4.68,5.56,1.6,1.2,2.0
4236.5,6.11,4.08,5.56,0.84,1.3,2.0
4236.75,0.0,0.0,0.0,0.0,0.0,0.0
4237.0,0.0,0.0,0.0,0.0,0.0,0.0
4237.25,6.49,5.03,8.01,1.2,1.4,1.7
4237.5,6.72,7.79,6.77,2.0,1.6,1.7
4237.75,0.0,0.0,0.0,0.0,0.0,0.0
4238.0,5.61,7.7,7.27,2.0,1.7,2.0
4238.25,5.38,7.08,9.01,2.0,1.7,2.0
4238.5,0.0,0.0,0.0,0.0,0.0,0.0
4238.75,0.0,0.0,0.0,0.0,0.0,0.0
4239.0,0.0,0.0,0.0,0.0,0.0,0.0
4239.25,5.24,7.59,8.66,2.0,1.8,1.8
4239.5,4.55,6.89,8.66,1.8,1.8,2.0
4239.75,0.0,0.0,0.0,0.0,0.0,0.0
4240.0,8.37,7.14,12.7,1.6,1.8,1.8
4240.25,5.88,5.74,12.4,2.0,2.0,1.8
4240.5,3.37,4.1,11.4,1.9,1.7,1.9
4240.75,3.41,4.22,10.7,2.0,2.0,1.7
4241.0,6.53,3.75,10.8,0.094,1.7,1.6
4241.25,4.04,3.1,8.9,1.8,1.5,1.6
4241.5,5.23,2.36,7.54,1.5,1.4,1.2
4241.75,4.02,0.9,6.65,0.6,1.3,1.2
4242.0,6.83,1.69,7.21,-0.306,0.83,1.1
4242.25,4.7,1.8,5.31,0.32,0.92,1.2
4242.5,4.62,1.87,4.77,0.35,0.87,0.91
4242.75,4.78,2.13,5.22,0.46,0.93,1.2
4243.0,6.24,4.09,7.29,0.32,0.92,1.1
4243.25,6.74,5.04,9.4,0.32,0.89,0.77
4243.5,5.0,5.32,9.51,0.44,0.74,0.59
4243.75,5.92,5.37,9.62,0.38,0.62,0.6
4244.0,5.43,5.1,9.3,0.38,0.55,0.75
4244.25,4.85,4.46,9.2,0.51,0.59,0.51
4244.5,6.74,4.59,8.74,0.34,0.73,0.5
4244.75,5.05,4.87,8.45,0.42,0.69,0.76
4245.0,5.14,4.93,8.89,0.41,0.7,0.55
4245.25,5.13,5.05,8.86,0.46,0.54,0.07
4245.5,0.0,0.0,0.0,0.0,0.0,0.0
4245.75,4.06,2.16,8.42,0.39,0.92,-0.05
4246.0,4.05,2.14,6.83,0.32,0.93,0.53
4246.25,4.03,1.72,3.89,0.14,0.91,0.79
4246.5,3.95,1.67,3.68,0.29,0.69,0.83
4246.75,3.87,1.42,2.97,0.26,0.71,0.82
4247.0,3.81,1.44,3.02,0.3,0.7,0.85
4247.25,3.84,1.32,2.62,0.26,0.84,1.1
4247.5,0.0,0.0,0.0,0.0,0.0,0.0
4247.75,3.8,1.32,2.76,0.36,0.85,0.91
4248.0,0.0,0.0,0.0,0.0,0.0,0.0
4248.25,0.0,0.0,0.0,0.0,0.0,0.0
4248.5,3.81,1.3,2.67,0.34,0.79,0.98
4248.75,3.73,1.3,2.79,0.36,0.79,0.83
4249.0,0.0,0.0,0.0,0.0,0.0,0.0
4249.25,0.0,0.0,0.0,0.0,0.0,0.0
4249.5,0.0,0.0,0.0,0.0,0.0,0.0
4249.75,3.88,1.43,3.12,0.25,0.65,0.76
4250.0,0.0,0.0,0.0,0.0,0.0,0.0
4250.25,3.85,1.28,3.68,0.29,0.84,0.5
4250.5,3.8,1.3,2.68,0.36,0.86,1.0
4250.75,0.0,0.0,0.0,0.0,0.0,0.0
4251.0,3.82,1.33,2.88,0.32,0.81,0.81
4251.25,3.94,1.3,3.16,0.16,0.84,0.73
4251.5,3.77,1.27,2.6,0.38,0.84,1.1
4251.75,3.9,1.29,2.95,0.25,0.85,0.89
4252.0,3.79,1.28,2.6,0.37,0.84,1.1
4252.25,3.8,1.27,2.93,0.37,0.85,0.85
4252.5,3.86,1.39,2.7,0.29,0.71,1.1
4252.75,3.76,1.4,2.63,0.37,0.72,1.1
4253.0,3.83,1.4,2.57,0.3,0.73,1.1
4253.25,3.82,1.4,2.75,0.29,0.74,0.85
4253.5,3.84,1.29,3.51,0.24,0.85,0.53
4253.75,3.77,1.28,3.57,0.36,0.85,0.53
4254.0,3.82,1.27,2.92,0.27,0.83,0.87
4254.25,3.85,1.31,2.61,0.24,0.85,1.1
4254.5,3.69,1.27,2.87,0.36,0.84,0.72
4254.75,0.0,0.0,0.0,0.0,0.0,0.0
4255.0,5.02,1.6,8.16,0.58,0.89,0.58
4255.25,5.41,3.32,7.05,0.45,0.69,1.0
4255.5,9.32,8.98,12.2,0.84,0.34,1.0
4255.75,0.0,0.0,0.0,0.0,0.0,0.0
4256.0,11.5,11.0,9.81,1.2,0.49,1.3
4256.25,8.35,10.0,10.0,1.7,0.55,1.4
4256.5,11.9,10.1,12.3,1.4,0.66,1.0
4256.75,8.52,10.9,11.4,1.7,0.67,1.3
4257.0,12.7,10.8,11.0,1.6,0.6,1.4
4257.25,9.8,9.39,9.46,1.8,0.94,1.6
4257.5,10.2,9.02,9.86,2.0,1.4,1.4
4257.75,11.0,11.8,12.6,1.5,0.86,1.7
4258.0,11.3,9.56,12.5,1.6,1.3,1.6
4258.25,0.0,0.0,0.0,0.0,0.0,0.0
4258.5,0.0,0.0,0.0,0.0,0.0,0.0
4258.75,8.78,10.0,14.5,1.9,1.4,1.5
4259.0,9.94,10.0,11.2,1.7,1.4,1.7
4259.25,7.13,8.52,9.71,1.9,1.7,1.4
4259.5,10.8,7.97,9.03,1.7,1.5,1.7
4259.75,4.63,8.44,8.39,1.9,1.1,1.9
4260.0,0.0,0.0,0.0,0.0,0.0,0.0
4260.25,0.0,0.0,0.0,0.0,0.0,0.0
4260.5,3.98,6.97,9.24,1.8,1.0,1.7
4260.75,0.0,0.0,0.0,0.0,0.0,0.0
4261.0,0.0,0.0,0.0,0.0,0.0,0.0
4261.25,0.0,0.0,0.0,0.0,0.0,0.0
4261.5,0.0,0.0,0.0,0.0,0.0,0.0
4261.75,13.4,9.76,16.7,1.0,1.5,0.52
4262.0,0.0,0.0,0.0,0.0,0.0,0.0
4262.25,0.0,0.0,0.0,0.0,0.0,0.0
4262.5,0.0,0.0,0.0,0.0,0.0,0.0
4262.75,0.0,0.0,0.0,0.0,0.0,0.0
4263.0,0.0,0.0,0.0,0.0,0.0,0.0
4263.25,10.1,8.05,14.2,1.8,1.3,1.1
4263.5,0.0,0.0,0.0,0.0,0.0,0.0
4263.75,0.0,0.0,0.0,0.0,0.0,0.0
4264.0,0.0,0.0,0.0,0.0,0.0,0.0
4264.25,0.0,0.0,0.0,0.0,0.0,0.0
4264.5,7.77,4.4,9.25,1.6,1.4,1.8
4264.75,8.02,3.11,8.79,1.6,1.6,1.7
4265.0,0.0,0.0,0.0,0.0,0.0,0.0
4265.25,0.0,0.0,0.0,0.0,0.0,0.0
4265.5,0.0,0.0,0.0,0.0,0.0,0.0
4265.75,0.0,0.0,0.0,0.0,0.0,0.0
4266.0,4.27,1.38,7.13,0.28,0.76,0.99
4266.25,4.37,1.62,5.19,0.33,0.69,0.83
4266.5,4.55,2.74,4.79,0.29,0.79,0.97
4266.75,0.0,0.0,0.0,0.0,0.0,0.0
4267.0,0.0,0.0,0.0,0.0,0.0,0.0
4267.25,0.0,0.0,0.0,0.0,0.0,0.0
4267.5,4.8,4.44,4.37,0.42,1.3,1.4
4267.75,4.94,5.93,5.21,0.33,1.5,0.87
4268.0,0.0,0.0,0.0,0.0,0.0,0.0
4268.25,0.0,0.0,0.0,0.0,0.0,0.0
4268.5,0.0,0.0,0.0,0.0,0.0,0.0
4268.75,0.0,0.0,0.0,0.0,0.0,0.0
4269.0,4.79,2.34,5.2,0.32,1.1,0.76
4269.25,4.47,3.68,4.47,0.42,1.1,1.3
4269.5,0.0,0.0,0.0,0.0,0.0,0.0
4269.75,0.0,0.0,0.0,0.0,0.0,0.0
4270.0,4.12,1.46,3.49,0.35,0.86,1.1
4270.25,0.0,0.0,0.0,0.0,0.0,0.0
4270.5,3.78,2.62,2.48,0.14,0.92,1.0
4270.75,0.0,0.0,0.0,0.0,0.0,0.0
4271.0,0.0,0.0,0.0,0.0,0.0,0.0
4271.25,3.76,1.24,2.5,0.25,0.78,1.0
4271.5,0.0,0.0,0.0,0.0,0.0,0.0
4271.75,0.0,0.0,0.0,0.0,0.0,0.0
4272.0,0.0,0.0,0.0,0.0,0.0,0.0
4272.25,0.0,0.0,0.0,0.0,0.0,0.0
4272.5,0.0,0.0,0.0,0.0,0.0,0.0
4272.75,0.0,0.0,0.0,0.0,0.0,0.0
4273.0,0.0,0.0,0.0,0.0,0.0,0.0
4273.25,3.68,1.67,2.95,0.18,0.71,0.74
4273.5,3.73,1.96,2.91,0.12,0.85,0.73
4273.75,3.66,1.96,2.86,0.25,0.79,0.78
4274.0,3.72,1.6,2.79,0.17,0.82,0.87
4274.25,3.64,2.15,2.72,0.26,0.85,0.88
4274.5,3.72,1.68,2.75,0.21,0.82,0.78
4274.75,3.72,1.97,2.89,0.2,0.85,0.75
4275.0,3.67,1.77,2.99,0.26,0.71,0.72
4275.25,3.74,2.0,3.0,0.18,0.7,0.71
4275.5,3.69,1.97,3.02,0.21,0.7,0.65
4275.75,3.72,2.0,2.81,0.21,0.85,0.76
4276.0,3.65,1.59,2.82,0.27,0.72,0.79
4276.25,3.73,1.43,2.6,0.18,0.81,0.9
4276.5,3.68,1.74,2.98,0.29,0.77,0.73
4276.75,3.72,1.93,2.61,0.22,0.86,0.94
4277.0,3.79,1.63,2.87,0.16,0.77,0.79
4277.25,3.69,1.72,2.8,0.25,0.84,0.8
4277.5,3.72,1.81,2.78,0.22,0.78,0.87
4277.75,3.71,2.04,2.72,0.23,0.88,0.91
4278.0,3.74,2.07,2.78,0.17,0.78,0.82
4278.25,3.67,2.11,2.99,0.26,0.73,0.72
4278.5,3.71,1.74,2.67,0.18,0.67,0.88
4278.75,3.75,1.9,2.84,0.21,0.74,0.8
4279.0,3.76,2.48,2.89,0.21,0.86,0.8
4279.25,3.5,1.82,2.23,0.32,0.81,0.97
4279.5,3.56,1.69,2.59,0.25,0.8,0.69
4279.75,3.05,2.0,1.99,0.57,1.2,1.2
4280.0,2.7,3.19,2.35,1.2,0.96,1.4
4280.25,3.61,4.06,3.05,1.5,0.56,1.4
4280.5,4.52,4.09,2.71,1.5,0.67,1.6
4280.75,4.53,4.19,2.95,1.4,0.53,1.5
4281.0,4.46,3.8,2.9,1.5,0.62,1.5
4281.25,3.11,2.88,2.78,1.7,0.42,1.6
4281.5,4.5,4.05,3.16,1.5,0.58,1.4
4281.75,0.0,0.0,0.0,0.0,0.0,0.0
4282.0,4.53,3.65,3.15,1.5,0.63,1.2
4282.25,0.0,0.0,0.0,0.0,0.0,0.0
4282.5,0.0,0.0,0.0,0.0,0.0,0.0
4282.75,2.11,7.86,3.97,1.4,0.47,1.2
4283.0,2.25,7.46,3.1,1.3,0.58,1.7
4283.25,2.05,5.98,3.12,1.4,0.58,1.7
4283.5,0.0,0.0,0.0,0.0,0.0,0.0
4283.75,0.0,0.0,0.0,0.0,0.0,0.0
4284.0,0.0,0.0,0.0,0.0,0.0,0.0
4284.25,0.0,0.0,0.0,0.0,0.0,0.0
4284.5,1.23,2.23,2.01,1.3,1.1,1.4
4284.75,0.0,0.0,0.0,0.0,0.0,0.0
4285.0,0.0,0.0,0.0,0.0,0.0,0.0
4285.25,0.0,0.0,0.0,0.0,0.0,0.0
4285.5,1.39,1.78,1.9,1.4,1.4,1.5
4285.75,1.1,0.615,1.94,1.5,1.4,1.5
4286.0,1.08,1.4,2.2,1.5,1.4,1.4
4286.25,1.22,1.12,2.21,1.4,1.5,1.4
4286.5,1.07,2.1,2.62,1.5,1.5,0.96
4286.75,0.0,0.0,0.0,0.0,0.0,0.0
4287.0,1.09,1.34,2.48,1.5,1.4,1.2
4287.25,1.09,1.23,2.34,1.5,1.4,1.3
4287.5,1.08,1.43,2.42,1.5,1.3,1.3
4287.75,1.48,1.17,2.16,1.2,1.3,1.2
4288.0,1.7,1.25,2.56,1.1,1.3,0.96
4288.25,2.22,0.948,2.64,1.3,1.4,1.3
4288.5,2.48,1.51,2.65,0.93,1.4,0.98
4288.75,3.44,1.56,3.0,0.48,0.84,0.88
4289.0,3.65,1.82,3.22,0.22,0.99,0.78
4289.25,3.58,1.22,3.3,0.18,0.82,0.64
4289.5,3.52,1.14,2.89,0.23,0.88,0.87
4289.75,3.63,1.45,3.09,0.15,0.88,0.8
4290.0,3.62,1.4,2.86,0.17,0.94,0.94
4290.25,3.68,1.68,3.09,0.12,0.88,0.84
4290.5,3.58,1.81,2.92,0.24,0.84,0.91
4290.75,3.63,1.69,3.03,0.2,0.76,0.86
4291.0,3.61,1.73,3.17,0.21,0.88,0.77
4291.25,3.59,1.72,2.98,0.21,0.88,0.9
4291.5,3.66,1.68,3.17,0.17,0.99,0.79
4291.75,3.67,1.32,2.9,0.18,0.87,0.92
4292.0,3.67,1.46,3.04,0.23,0.99,0.88
4292.25,3.71,1.58,3.05,0.14,0.91,0.84
4292.5,3.74,1.63,2.9,0.12,0.98,0.96
4292.75,3.74,1.71,3.27,0.14,0.94,0.75
4293.0,3.67,1.54,3.19,0.24,0.97,0.77
4293.25,3.74,1.54,3.12,0.15,0.94,0.87
4293.5,3.74,1.19,3.78,0.19,0.8,0.47
4293.75,3.66,1.74,3.02,0.25,0.8,0.94
4294.0,3.78,2.27,2.82,0.13,0.94,0.95
4294.25,3.65,1.66,2.89,0.26,0.97,0.97
4294.5,3.61,1.09,3.2,0.26,0.92,0.75
4294.75,3.64,1.46,2.85,0.22,0.98,0.92
4295.0,3.68,2.56,3.28,0.17,1.0,0.67
4295.25,0.0,0.0,0.0,0.0,0.0,0.0
4295.5,3.71,2.09,3.33,0.23,0.99,0.53
4295.75,3.83,1.15,2.75,0.11,0.95,1.0
4296.0,3.67,1.93,3.79,0.31,0.93,0.47
4296.25,3.7,1.14,2.84,0.24,0.94,0.98
4296.5,0.0,0.0,0.0,0.0,0.0,0.0
4296.75,0.0,0.0,0.0,0.0,0.0,0.0
4297.0,3.76,1.24,3.68,0.19,0.83,0.58
4297.25,0.0,0.0,0.0,0.0,0.0,0.0
4297.5,0.0,0.0,0.0,0.0,0.0,0.0
4297.75,0.0,0.0,0.0,0.0,0.0,0.0
4298.0,0.0,0.0,0.0,0.0,0.0,0.0
4298.25,0.0,0.0,0.0,0.0,0.0,0.0
4298.5,0.0,0.0,0.0,0.0,0.0,0.0
4298.75,3.74,1.15,3.36,0.16,0.9,0.77
4299.0,3.69,2.02,3.23,0.17,0.96,0.85
4299.25,3.64,1.61,2.86,0.22,0.86,1.0
4299.5,3.66,1.81,3.34,0.21,0.81,0.77
4299.75,3.66,1.92,3.3,0.2,0.73,0.73
4300.0,3.69,2.01,3.03,0.23,0.78,0.88
4300.25,3.67,1.73,3.13,0.25,0.85,0.85
4300.5,3.77,1.74,2.91,0.13,0.92,1.0
4300.75,3.7,1.43,3.25,0.21,0.84,0.76
4301.0,3.7,1.46,3.33,0.2,0.84,0.65
4301.25,3.75,1.6,3.13,0.21,0.89,0.78
4301.5,3.68,2.16,3.05,0.25,0.91,0.87
4301.75,3.7,1.71,3.06,0.25,0.86,0.82
4302.0,3.72,1.49,3.44,0.18,0.77,0.62
4302.25,3.75,2.05,3.1,0.16,0.85,0.77
4302.5,3.71,1.97,3.22,0.2,0.72,0.72
4302.75,3.73,1.68,2.97,0.19,0.73,0.95
4303.0,3.64,1.81,2.99,0.25,0.66,0.91
4303.25,3.63,1.92,3.28,0.23,0.85,0.75
4303.5,3.68,1.98,3.06,0.18,0.8,0.82
4303.75,3.64,1.54,3.21,0.25,0.91,0.79
4304.0,3.54,1.62,2.92,0.28,0.82,0.91
4304.25,2.52,1.0,2.11,0.77,1.3,1.4
4304.5,1.88,1.12,2.28,1.2,1.2,1.3
4304.75,1.36,0.733,2.24,1.4,1.3,1.3
4305.0,1.1,1.23,2.45,1.4,1.3,1.1
4305.25,1.11,0.443,2.51,1.5,1.2,1.2
4305.5,0.908,1.3,2.34,1.4,1.2,1.3
4305.75,0.971,0.711,1.94,1.3,1.1,1.4
4306.0,0.959,1.08,2.46,1.3,1.1,1.2
4306.25,0.944,1.23,2.24,1.4,1.3,1.2
4306.5,0.927,1.13,2.11,1.4,1.4,1.4
4306.75,0.0,0.0,0.0,0.0,0.0,0.0
4307.0,0.967,0.695,2.0,1.4,1.2,1.4
4307.25,0.856,1.01,2.26,1.4,1.2,1.3
4307.5,1.0,0.43,2.27,1.2,1.2,1.2
4307.75,1.0,1.17,1.94,1.3,1.2,1.4
4308.0,0.978,1.0,2.06,1.3,1.2,1.3
4308.25,0.975,1.18,2.21,1.3,1.2,1.3
4308.5,0.889,1.06,2.14,1.4,1.1,1.3
4308.75,0.942,1.1,2.48,1.4,1.1,1.1
4309.0,0.948,1.01,2.6,1.4,1.1,1.0
4309.25,0.913,0.717,2.24,1.4,1.2,1.3
4309.5,0.939,1.02,2.01,1.4,1.3,1.4
4309.75,1.08,0.865,2.08,1.3,1.3,1.4
4310.0,0.895,0.931,2.14,1.4,1.2,1.3
4310.25,0.909,1.02,2.14,1.4,1.3,1.3
4310.5,0.949,1.12,2.38,1.4,1.2,1.2
4310.75,0.75,1.17,1.98,1.4,1.3,1.4
4311.0,0.726,1.24,2.37,1.3,1.2,1.2
4311.25,0.758,1.01,2.16,1.3,1.2,1.3
4311.5,0.784,0.99,2.48,1.3,1.1,1.2
4311.75,0.673,1.06,2.36,1.4,1.1,1.3
4312.0,0.936,0.967,2.11,1.4,1.1,1.4
4312.25,0.944,1.02,2.29,1.3,1.2,1.2
4312.5,0.899,1.22,2.38,1.4,1.2,1.2
4312.75,0.92,0.95,2.14,1.3,1.2,1.3
4313.0,1.16,0.835,2.25,1.2,1.2,1.3
4313.25,1.95,1.3,2.51,0.93,1.2,1.0
4313.5,3.13,1.41,2.97,0.27,0.97,0.66
4313.75,3.62,1.57,3.09,0.069,0.71,0.76
4314.0,3.52,1.75,2.9,0.17,0.8,0.84
4314.25,3.57,1.85,3.18,0.2,0.66,0.76
4314.5,3.6,1.81,3.44,0.18,0.68,0.61
4314.75,3.59,1.71,2.83,0.21,0.62,0.9
4315.0,3.62,1.57,3.33,0.18,0.74,0.71
4315.25,3.55,1.5,3.28,0.17,0.75,0.67
4315.5,3.54,1.76,3.03,0.22,0.8,0.84
4315.75,3.57,1.94,3.06,0.2,0.84,0.84
4316.0,3.62,1.63,3.04,0.17,0.78,0.87
4316.25,3.6,1.88,2.91,0.18,0.83,0.94
4316.5,3.67,1.77,3.01,0.16,0.76,0.87
4316.75,3.66,1.73,3.18,0.14,0.82,0.77
4317.0,3.61,1.83,2.97,0.19,0.75,0.89
4317.25,3.6,1.5,3.34,0.24,0.72,0.75
4317.5,3.63,2.15,3.23,0.17,0.63,0.77
4317.75,3.64,1.57,3.15,0.19,0.68,0.8
4318.0,3.68,1.75,3.13,0.16,0.73,0.83
4318.25,3.73,1.35,3.01,0.11,0.8,0.9
4318.5,3.68,1.61,3.29,0.18,0.75,0.76
4318.75,3.67,1.85,3.17,0.23,0.78,0.81
4319.0,3.67,1.5,3.24,0.23,0.8,0.74
4319.25,3.7,1.83,3.29,0.14,0.78,0.74
4319.5,3.64,1.84,2.96,0.24,0.84,0.91
4319.75,3.71,1.93,2.88,0.18,0.79,0.96
4320.0,3.71,1.63,3.01,0.14,0.83,0.89
4320.25,3.71,1.78,2.94,0.16,0.62,0.86
4320.5,3.66,1.91,3.18,0.25,0.72,0.78
4320.75,3.71,2.0,3.3,0.18,0.68,0.69
4321.0,3.7,1.59,2.93,0.19,0.84,0.9
4321.25,3.68,1.98,2.97,0.27,0.82,0.89
4321.5,3.74,1.98,2.93,0.19,0.87,0.83
4321.75,3.71,1.74,2.93,0.2,0.79,0.9
4322.0,3.68,1.83,2.96,0.18,0.79,0.87
4322.25,3.64,1.65,2.82,0.22,0.83,1.0
4322.5,3.73,1.84,3.03,0.13,0.8,0.81
4322.75,3.72,1.77,3.27,0.13,0.85,0.72
4323.0,3.73,1.58,2.84,0.11,0.73,1.0
4323.25,3.64,1.81,2.78,0.19,0.71,1.0
4323.5,3.7,1.56,2.72,0.18,0.6,1.0
4323.75,3.77,1.7,3.13,0.13,0.73,0.75
4324.0,3.7,2.21,3.01,0.16,0.84,0.84
4324.25,3.62,1.89,2.93,0.22,0.83,0.92
4324.5,3.59,1.97,3.27,0.26,0.78,0.73
4324.75,3.65,1.44,2.7,0.2,0.76,1.0
4325.0,3.61,1.86,2.99,0.2,0.85,0.88
4325.25,3.61,2.02,2.8,0.21,0.78,0.95
4325.5,3.69,1.71,2.95,0.13,0.83,0.89
4325.75,3.62,2.18,2.73,0.23,0.78,1.0
4326.0,3.6,1.69,3.04,0.25,0.79,0.84
4326.25,3.62,1.6,2.63,0.18,0.62,1.1
4326.5,3.58,2.06,2.83,0.23,0.74,0.94
4326.75,3.96,4.25,5.62,0.31,0.65,0.88
4327.0,4.39,4.4,7.19,0.43,0.65,0.87
4327.25,5.98,4.25,4.83,0.46,0.75,1.1
4327.5,11.1,8.07,5.37,0.71,0.47,1.3
4327.75,10.0,8.9,5.23,1.4,1.0,2.0
4328.0,12.9,9.87,7.54,1.4,1.0,2.1
4328.25,14.9,11.8,11.3,1.2,1.2,1.6
4328.5,14.5,12.1,12.6,1.2,0.97,1.5
4328.75,12.2,11.4,9.48,1.2,0.99,1.8
4329.0,11.7,13.0,11.1,1.0,0.74,2.0
4329.25,11.3,11.8,11.3,0.86,0.65,2.1
4329.5,10.8,12.5,11.0,1.5,0.78,2.2
4329.75,8.85,12.5,11.5,1.5,0.75,2.1
4330.0,11.0,12.9,11.1,1.5,0.96,2.0
4330.25,13.6,9.83,13.5,1.4,1.7,2.3
4330.5,12.8,8.81,14.5,1.6,1.6,2.3
4330.75,10.7,9.78,13.7,1.8,1.5,2.1
4331.0,10.7,10.6,12.9,1.4,1.5,2.1
4331.25,10.9,9.94,13.7,1.8,1.6,2.1
4331.5,9.26,10.2,12.5,1.7,1.5,1.8
4331.75,7.12,8.66,10.7,1.8,1.3,1.8
4332.0,6.75,7.97,10.5,1.7,1.4,1.5
4332.25,6.66,7.97,9.3,1.8,1.2,1.5
4332.5,6.82,6.96,6.27,1.0,1.2,1.4
4332.75,6.8,5.97,5.8,1.5,0.99,1.4
4333.0,7.7,5.25,7.17,1.5,1.1,1.3
4333.25,6.56,6.02,6.75,1.2,1.1,1.5
4333.5,7.73,8.15,7.5,1.5,0.65,1.5
4333.75,5.8,8.82,8.9,1.4,0.58,1.4
4334.0,3.45,8.39,11.1,1.5,0.46,1.2
4334.25,3.9,9.03,9.1,1.5,0.72,1.3
4334.5,3.4,7.08,10.3,1.5,1.4,1.6
4334.75,4.87,6.78,8.63,0.93,1.3,1.6
4335.0,3.58,7.28,13.1,1.6,1.2,1.4
4335.25,4.7,6.9,12.0,0.89,1.2,1.3
4335.5,3.46,7.4,11.5,1.6,1.4,1.4
4335.75,3.2,6.27,11.5,1.5,1.6,1.8
4336.0,2.62,6.14,11.0,1.5,1.8,1.5
4336.25,2.68,3.37,7.4,1.5,1.8,1.5
4336.5,2.6,2.73,6.15,1.5,1.6,1.4
4336.75,3.99,2.39,6.47,0.68,1.6,1.6
4337.0,2.59,2.16,4.61,1.5,1.5,1.8
4337.25,2.66,1.18,4.16,1.4,1.4,1.6
4337.5,2.45,0.892,4.19,1.4,1.3,1.4
4337.75,3.6,1.06,4.69,0.57,1.2,1.1
4338.0,4.28,1.69,4.43,0.18,0.84,1.2
4338.25,4.35,1.7,4.86,0.24,0.65,1.0
4338.5,5.06,1.82,3.87,0.44,0.81,1.1
4338.75,6.64,1.96,4.07,0.47,0.86,0.97
4339.0,7.62,2.45,4.07,0.27,0.91,1.4
4339.25,6.63,2.73,4.32,0.43,0.97,1.3
4339.5,6.43,2.84,4.49,0.4,0.91,1.1
4339.75,6.47,2.79,4.69,0.47,0.99,1.1
4340.0,0.0,0.0,0.0,0.0,0.0,0.0
4340.25,6.28,2.75,4.11,0.43,0.98,1.4
4340.5,0.0,0.0,0.0,0.0,0.0,0.0
4340.75,6.0,2.76,4.35,0.57,0.88,1.1
4341.0,4.95,2.37,4.59,0.41,0.94,1.1
4341.25,0.0,0.0,0.0,0.0,0.0,0.0
4341.5,4.91,1.54,3.4,0.39,0.71,1.3
4341.75,3.75,1.43,3.34,0.32,0.84,1.2
4342.0,0.0,0.0,0.0,0.0,0.0,0.0
4342.25,3.83,1.44,2.96,0.31,0.85,1.2
4342.5,3.83,1.43,2.9,0.3,0.84,1.1
4342.75,3.8,1.32,3.14,0.18,0.76,0.78
4343.0,0.0,0.0,0.0,0.0,0.0,0.0
4343.25,0.0,0.0,0.0,0.0,0.0,0.0
4343.5,0.0,0.0,0.0,0.0,0.0,0.0
4343.75,0.0,0.0,0.0,0.0,0.0,0.0
